seed,family,delta_aa,forgetting_reduction,top1_confuser_margin_gain,top3_confuser_margin_gain,semantic_knn_recall_delta,close_displacement,distant_displacement,distance_selectivity,locality_ratio,avg_accuracy,avg_forgetting
9401,center_component,0.09793260443662177,0.16683433536763426,-0.0029680360294879193,-0.0018098177015781758,-0.015000000000000013,0.008283068425953388,0.012356349267065525,0.004073280841112137,0.6703491659976775,79.48612371410974,1.9045467839718242
9401,cosine_orthogonality,-0.029717131973114874,-0.008911133700170826,-0.005845814498607105,-0.019179958477616443,-0.017000000000000015,0.014447771944105625,0.013759606517851353,-0.0006881654262542725,1.0500134524458578,79.3584739777,2.0802922530396293
9401,prototype_decorrelation,-0.06850613061136812,-0.08548724227333215,-0.0074702563928441545,-0.01845321089029328,-0.009000000000000008,0.006986977066844702,0.006445154547691345,-0.0005418225191533566,1.0840666449724525,79.31968497906175,2.1568683616127906
9401,spectral,0.0,0.0,-0.0011254505161197859,-0.0016903851926328706,-0.0010000000000000009,0.00040954651194624603,0.0004418800526764244,3.2333540730178356e-05,0.9268273357569837,79.38819110967312,2.0713811193394585
9401,ssr,0.043483718168019436,0.10977005870582102,0.00732320613227766,0.011189952567219663,-0.009000000000000008,0.004441495984792709,0.011421620845794678,0.006980124861001968,0.388867398485568,79.43167482784114,1.9616110606336374
9401,surround_component,-0.012662955846550972,0.009717029829104273,0.0017958914954214755,0.0011203318834303033,-0.0010000000000000009,0.008274076506495476,0.01292557455599308,0.004651498049497604,0.6401322022980489,79.37552815382656,2.061664089510354
9403,center_component,0.12614697087518323,0.15583430047298652,-0.004766309857368478,-0.0019450673460958967,-0.009000000000000008,0.008363083004951477,0.012152527458965778,0.0037894444540143013,0.6881764335188923,79.64833958666148,1.6399879494631953
9403,cosine_orthogonality,-0.23307519826259693,-0.18684893516187517,-0.002738073337823277,-0.018194293119013327,-0.01100000000000001,0.01476095151156187,0.014301721006631851,-0.0004592305049300194,1.0321101568627349,79.2891174175237,1.982671185098057
9403,prototype_decorrelation,-0.22003758349913483,-0.1731251301476937,-0.005069590136408841,-0.017706186622381104,-0.0050000000000000044,0.006934246979653835,0.006498117931187153,-0.00043612904846668243,1.067116210121937,79.30215503228716,1.9689473800838755
9403,spectral,-0.017301038062285556,-0.018211619012930225,-0.0010143126174808614,-0.0016176833584904404,0.0010000000000000009,0.0004251169739291072,0.0004426710947882384,1.7554120859131217e-05,0.9603450031732281,79.50489157772401,1.814033868949112
9403,ssr,0.08046133672137046,0.10829417459775481,0.006393111068755397,0.01099397923797385,-0.0010000000000000009,0.004588339477777481,0.012005743570625782,0.007417404092848301,0.3821787006182342,79.60265395250767,1.687528075338427
9403,surround_component,-0.021839888639206606,0.01851057181935012,0.0035024590976535652,0.0014219722151755931,0.008000000000000007,0.008512424305081367,0.013221223838627338,0.004708799533545971,0.6438454116638834,79.50035272714709,1.7773116781168317
9405,center_component,0.030271316544926208,0.0906649100116328,-0.005813612621277553,-0.003678851076401868,-0.016000000000000014,0.008959957398474216,0.013419775292277336,0.00445981789380312,0.6676682137614028,79.36239382307099,1.8165352846431488
9405,cosine_orthogonality,-0.18034265844134723,-0.1572188435888191,-0.0025346559192986895,-0.015981853245757627,-0.015000000000000013,0.014911576174199581,0.01425390038639307,-0.0006576757878065109,1.0461400578072186,79.15177984808471,2.0644190382436007
9405,prototype_decorrelation,-0.2096418980069643,-0.1747536159565688,-0.004960277760401421,-0.016044375647325193,-0.013000000000000012,0.0070706200785934925,0.006665126420557499,-0.0004054936580359936,1.0608381045534732,79.1224806085191,2.0819538106113504
9405,spectral,-0.016665147376286882,0.00023867843749081352,-0.0010599512979387882,-0.0016566156409680843,0.0010000000000000009,0.0004258549597579986,0.0004547439166344702,2.888895687647164e-05,0.9364720322367874,79.31545735914978,1.9069615162172908
9405,ssr,-0.022961708906720446,0.035005679400498035,0.00539095132146028,0.010818049567751453,-0.0040000000000000036,0.004528575111180544,0.011699824593961239,0.007171249482780695,0.387063504654414,79.30916079761934,1.8721945152542836
9405,surround_component,-0.15209126441330056,-0.1241035099569543,0.0034968321211634734,0.0023684620624406794,0.0040000000000000036,0.008752663619816303,0.01334367785602808,0.004591014236211777,0.6559408668474591,79.18003124211276,2.031303704611736
9407,center_component,-0.0006508416691417551,0.0004574730029323071,-0.0038674595265182354,-0.0012145854160188208,-0.008000000000000007,0.0083969347178936,0.012275280430912971,0.003878345713019371,0.6840523738054496,80.00913354831948,2.139543790298476
9407,cosine_orthogonality,0.061306010998464444,0.06539406428206718,-0.002854667333885841,-0.0189605274540372,-0.02100000000000002,0.01496159192174673,0.0143303032964468,-0.0006312886252999306,1.0440527051131192,80.07109040098709,2.0746071990193413
9407,prototype_decorrelation,-0.04562626357532906,-0.011535911847347258,-0.005277579096145901,-0.01854633029550312,-0.01200000000000001,0.007139053661376238,0.006503942422568798,-0.0006351112388074398,1.0976501939198589,79.9641581264133,2.1515371751487558
9407,spectral,0.0,-0.01808645324651792,-0.0010654442920348117,-0.0016486404836177915,0.0010000000000000009,0.00041388333193026483,0.00044524623081088066,3.136289888061583e-05,0.9295605516446532,80.00978438998862,2.1580877165479264
9407,ssr,-0.033963715688756224,0.01918330899037679,0.006196166096488209,0.012334615960717166,-0.0020000000000000018,0.004394336603581905,0.011763547547161579,0.007369210943579674,0.37355539100466445,79.97582067429987,2.1208179543110317
9407,surround_component,-0.11881462802514875,-0.05325149699604159,0.00228417182341234,0.0012801570445299948,-0.0010000000000000009,0.008441290818154812,0.013267099857330322,0.00482580903917551,0.6362574269380237,79.89096976196348,2.19325276029745
9409,center_component,-0.1096411204300125,-0.04016014790540079,-0.003323669061064738,-0.0015712308138609021,0.0010000000000000009,0.008314582519233227,0.01216267328709364,0.0038480907678604126,0.6836147221068747,79.30165070168042,1.9914200224912837
9409,cosine_orthogonality,0.2618052383087388,0.37195384154622535,-0.004930025059729726,-0.01916866447776555,-0.009000000000000008,0.01491948589682579,0.014183119870722294,-0.0007363660261034966,1.0519184800534296,79.67309706041917,1.5793060330396576
9409,prototype_decorrelation,0.24706230485998049,0.352194321915799,-0.006902519650757277,-0.0184315166249871,-0.0050000000000000044,0.007097036577761173,0.00660075293853879,-0.0004962836392223835,1.0751859134622066,79.65835412697041,1.5990655526700839
9409,spectral,0.03792569812418378,0.03992178749912667,-0.0011247772723437244,-0.001740802377462325,0.0010000000000000009,0.00042318308260291815,0.00045611232053488493,3.292923793196678e-05,0.9278045418870717,79.44921752023461,1.9113380870867562
9409,ssr,0.0338638557670663,0.07030161194874407,0.006911991760134795,0.012014511711895492,0.0020000000000000018,0.004440621938556433,0.011486846022307873,0.00704622408375144,0.38658322135881196,79.4451556778775,1.8809582626371388
9409,surround_component,0.07712284795172764,0.12019737067167746,0.0024299319833516186,0.001428166702389655,0.009000000000000008,0.008545510470867157,0.013191436417400837,0.00464592594653368,0.6478074260051594,79.48841467006216,1.8310625039142054
9411,center_component,-0.02087882574460309,-0.0948400473303348,-0.0050172788277269564,-0.0024505570344628413,-0.0040000000000000036,0.008826712146401405,0.013226165436208248,0.004399453289806843,0.6673674383534626,80.27653191443605,2.186826587962536
9411,cosine_orthogonality,-0.19852609448102498,-0.1361772404690127,-0.0047144946455957015,-0.019286079695448377,-0.02200000000000002,0.01563074067234993,0.014679796993732452,-0.0009509436786174774,1.064779075556936,80.09888464569963,2.228163781101214
9411,prototype_decorrelation,-0.19244284736853956,-0.19616836959926953,-0.0066590096987784175,-0.018680687509477156,-0.01200000000000001,0.007347616832703352,0.006656622048467398,-0.0006909947842359543,1.1038056208095888,80.10496789281211,2.2881549102314707
9411,spectral,0.0,0.0,-0.0010935752093792495,-0.0016734545677901114,0.0010000000000000009,0.00042954052332788706,0.0004664044827222824,3.686395939439535e-05,0.9209613956126023,80.29741074018065,2.091986540632201
9411,ssr,0.10208031017594976,0.02327747210297426,0.006209068186581179,0.01173274064436547,0.006000000000000005,0.004458402283489704,0.011520558968186378,0.007062156684696674,0.3869953094985605,80.3994910503566,2.068709068529227
9411,surround_component,-0.1960790644819923,-0.22448339706327358,0.0029363347031174936,0.00152584871277206,0.0030000000000000027,0.008713138289749622,0.013538072817027569,0.0048249345272779465,0.643602557580473,80.10133167569866,2.3164699376954747
9413,center_component,0.05681068221103658,0.06062318539218792,-0.0031727856036742885,-0.0022190890461206703,-0.006000000000000005,0.008866406977176666,0.013114587403833866,0.0042481804266572,0.6760721251958485,79.06991988420278,2.270740740537658
9413,cosine_orthogonality,0.05276862177588271,0.07338310842836115,-0.00520446184673351,-0.01837688267231008,-0.013000000000000012,0.015202353708446026,0.014459987170994282,-0.0007423665374517441,1.0513393634913368,79.06587782376762,2.2579808175014846
9413,prototype_decorrelation,0.03968630418304997,0.02411023861811179,-0.007050560532370742,-0.018181214332580575,-0.018000000000000016,0.007036933209747076,0.0067282915115356445,-0.0003086416982114315,1.0458722244246204,79.05279550617479,2.307253687311734
9413,spectral,-0.01631717924823306,-0.01717597815601435,-0.001113103869138321,-0.001673843413591447,0.0020000000000000018,0.00041585604776628315,0.0004543864051811397,3.853035741485655e-05,0.9152035426775224,78.9967920227435,2.34853990408586
9413,ssr,0.05560656679422493,0.07719690868225548,0.007661036992212766,0.01225149095058442,0.0020000000000000018,0.004459722433239222,0.011553087271749973,0.007093364838510752,0.3860199726997905,79.06871576878596,2.2541670172475903
9413,surround_component,0.06947305592272812,0.10851300614883064,0.0018291174399200916,0.0012702663242816215,-0.0030000000000000027,0.008745262399315834,0.013450449332594872,0.0047051869332790375,0.6501836617549409,79.08258225791447,2.222850919781015
9415,center_component,0.10605775096945536,0.12593906529644605,-0.0033875989893565883,-0.002144936025142652,-0.007000000000000006,0.008636949583888054,0.012518693692982197,0.003881744109094143,0.6899241882345765,79.68552904510229,1.996409921423851
9415,cosine_orthogonality,0.04512180375310493,0.0745333885933861,-0.004490622909797848,-0.017467802921310005,-0.013000000000000012,0.015200360678136349,0.014053655788302422,-0.0011467048898339272,1.081594775559281,79.62459309788593,2.047815598126911
9415,prototype_decorrelation,0.11245836113492658,0.16343848864924349,-0.006287577366747454,-0.017056404082104404,-0.013000000000000012,0.007272972725331783,0.006660678423941135,-0.0006122943013906479,1.0919267171328702,79.69192965526776,1.9589104980710537
9415,spectral,-0.07295003141170753,-0.05420084625671118,-0.0010740273035478864,-0.0016443433240054262,0.0,0.00042784566176123917,0.0004535721964202821,2.5726534659042954e-05,0.9432801770873878,79.50652126272112,2.1765498329770083
9415,ssr,0.020252807230221492,0.07106021259201611,0.007274243454157947,0.010916134081780937,-0.0010000000000000009,0.004401326645165682,0.011647400446236134,0.007246073801070452,0.3778805979481863,79.59972410136305,2.051288774128281
9415,surround_component,-0.017294675997760578,-0.0008467614147678049,0.00206600866717066,0.0013341147266330289,0.0010000000000000009,0.008619006723165512,0.013022384606301785,0.004403377883136272,0.6618608637157443,79.56217661813507,2.123195748135065
9417,center_component,0.02798734739431552,0.024079678195471965,-0.005030308868736011,-0.0026082345933537976,0.0,0.008441229350864887,0.012409028597176075,0.003967799246311188,0.6802490045663896,79.88607132275064,1.9278515616225993
9417,cosine_orthogonality,-0.08625322490195231,-0.0507670709920629,-0.005093735828995749,-0.01779609486926348,-0.018000000000000016,0.015137909911572933,0.014520552009344101,-0.0006173579022288322,1.0425161455178533,79.77183075045437,2.002698310810134
9417,prototype_decorrelation,-0.06969912013596513,-0.10441004542306898,-0.00680312318727383,-0.017521925247274472,-0.017000000000000015,0.007257647346705198,0.00648797582834959,-0.000769671518355608,1.1186304540458494,79.78838485522036,2.0563412852411402
9417,spectral,0.016722408026765834,0.017602534765006395,-0.0011477532051502592,-0.0017105845827609656,0.0020000000000000018,0.0004274885286577046,0.0004511866718530655,2.36981431953609e-05,0.9474759679889692,79.87480638338309,1.9343287050530649
9417,ssr,-0.02925423137004657,0.005732041129777654,0.005122997229918935,0.010384899538475878,0.0020000000000000018,0.004391147755086422,0.011800676584243774,0.0074095288291573524,0.3721098297829354,79.82882974398628,1.9461991986882936
9417,surround_component,-0.1195838698168501,-0.1299375458269889,0.0029220249317587488,0.0016490856232120876,0.006000000000000005,0.00847551692277193,0.013500072062015533,0.005024555139243603,0.6278127171349746,79.73850010553947,2.08186878564506
9419,center_component,0.012882409267220396,0.013560430807599388,-0.0032308141887187336,-0.0016031081229448407,-0.010000000000000009,0.008310658857226372,0.011703232303261757,0.003392573446035385,0.7101165423256739,78.92333420237841,2.0768823065164783
9419,cosine_orthogonality,-0.16411689292958442,-0.1365778727340774,-0.0031377751752734717,-0.01768350772559657,-0.018000000000000016,0.014760754071176052,0.01371209416538477,-0.0010486599057912827,1.0764770058565198,78.74633490018161,2.227020610058155
9419,prototype_decorrelation,-0.10115697899082932,-0.08802534946699092,-0.0051616629213095955,-0.017018316090106955,-0.013000000000000012,0.0072189439088106155,0.006659533828496933,-0.0005594100803136826,1.0840013872922907,78.80929481412036,2.1784680867910686
9419,spectral,0.03522218501568375,0.03707598422704006,-0.0009893655776977983,-0.0016165096312761307,0.0,0.0004176843212917447,0.00044711222290061414,2.9427901608869433e-05,0.9341822922711491,78.94567397812688,2.0533667530970376
9419,ssr,0.11133957906885428,0.1349206272672243,0.006490676514804283,0.01088228747248654,0.0010000000000000009,0.004277035593986511,0.011195214465260506,0.0069181788712739944,0.3820414166480184,79.02179137218005,1.9555221100568534
9419,surround_component,-0.06800580980238635,-0.05386399259724106,0.0024181015230715364,0.0013789654523133077,0.0020000000000000018,0.008365555666387081,0.012844843789935112,0.004479288123548031,0.6512773376770931,78.8424459833088,2.1443067299213188
9421,center_component,-0.02316124967040878,0.011362847992691272,-0.0041416197153738565,-0.0014361379668115237,-0.010000000000000009,0.00836817268282175,0.012007554061710835,0.003639381378889084,0.6969090157591558,78.9397029220826,2.450174799385111
9421,cosine_orthogonality,-0.30877673751901114,-0.28934571835186773,-0.004732569905463446,-0.018793477974831996,-0.02300000000000002,0.015557856298983097,0.014580178074538708,-0.0009776782244443893,1.0670553006586185,78.654087434234,2.75088336572967
9421,prototype_decorrelation,-0.17144553122767547,-0.12700561500109142,-0.006792554778512594,-0.01842305108904818,-0.020000000000000018,0.007363538723438978,0.006689486093819141,-0.0006740526296198368,1.1007629913817503,78.79141864052534,2.5885432623788938
9421,spectral,0.0002824858757151105,0.01813856675587333,-0.0009994423040189382,-0.0016125373542308363,0.0,0.0004228356701787561,0.0004458185867406428,2.2982916561886668e-05,0.9484478277814444,78.96314665762873,2.443399080621929
9421,ssr,0.04914429805367604,0.07010849527957541,0.006614363340195384,0.011527138911187729,-0.0020000000000000018,0.004597638733685017,0.011828544549643993,0.007230905815958977,0.38869014817409575,79.01200846980669,2.391429152098227
9421,surround_component,-0.03224517945876926,0.00109857892609444,0.002859844474587536,0.0010576268285513724,0.0040000000000000036,0.00859403982758522,0.013217991217970848,0.004623951390385628,0.6501774502543911,78.93061899229424,2.460439068451708
9423,center_component,0.13933605075385458,0.10681718823459474,-0.00406213562004254,-0.0017121157981456747,-0.0050000000000000044,0.00859031267464161,0.012542548589408398,0.0039522359147667885,0.6848937130604964,79.45376116759823,1.8814203484625331
9423,cosine_orthogonality,-0.008916130931709176,-0.027602281201008605,-0.0028804982267318646,-0.018659825082868453,-0.01100000000000001,0.014952506870031357,0.014131313189864159,-0.0008211936801671982,1.0581116325945,79.30550898591267,2.0158398178981365
9423,prototype_decorrelation,0.017154363084941338,-0.018071600056963177,-0.005432047443464372,-0.01822846388444299,-0.006000000000000005,0.007283898536115885,0.0065848552621901035,-0.0006990432739257812,1.1061592466488446,79.33157947992932,2.006309136754091
9423,spectral,0.01694915254236662,0.017841213202497208,-0.000998684652149695,-0.0016389317438005868,-0.0010000000000000009,0.00042610440868884325,0.0004471992142498493,2.109480556100607e-05,0.9528290638962965,79.33137426938674,1.9703963234946307
9423,ssr,0.19193801735794125,0.1613820623870994,0.005620785010978624,0.011316930023022032,-0.006000000000000005,0.004325083456933498,0.01155164372175932,0.007226560264825821,0.3744128161420466,79.50636313420232,1.8268554743100285
9423,surround_component,0.018525976271902778,-0.03490265050343888,0.0017124744411558535,0.0010231904499231614,-0.0010000000000000009,0.008426490239799023,0.01316253375262022,0.0047360435128211975,0.6401875503735435,79.33295109311628,2.0231401872005668
9425,center_component,0.030902537491982685,0.03699660125080406,-0.0039854333736002445,-0.0016491980641148984,-0.010000000000000009,0.008516320027410984,0.012870779260993004,0.00435445923358202,0.6616786641055279,79.31100417679582,2.1031609366884343
9425,cosine_orthogonality,0.17929292442416056,0.2434711549455817,-0.0036319773481225948,-0.019874901885632568,-0.02200000000000002,0.015153919346630573,0.01453422475606203,-0.0006196945905685425,1.0426369208519413,79.459394563728,1.8966863829936567
9425,prototype_decorrelation,0.14495887526098272,0.2074700468513242,-0.005806120248744273,-0.019341915219556638,-0.008000000000000007,0.007350881118327379,0.0066500576213002205,-0.0007008234970271587,1.1053860788788374,79.42506051456482,1.9326874910879142
9425,spectral,0.03849080903874835,0.018024513338139148,-0.0010380164370871192,-0.001697706186678305,0.0020000000000000018,0.0004285776522010565,0.00046149632544256747,3.291867324151099e-05,0.9286696958855685,79.31859244834259,2.122133024601099
9425,ssr,0.12489107879757455,0.07273603336478418,0.006494017574004918,0.012578359039034703,0.004999999999999949,0.0043254429474473,0.011805487796664238,0.007480044849216938,0.36639256436904694,79.40499271810141,2.067421504574454
9425,surround_component,0.06931620899625557,0.054815610195707354,0.002567726667039194,0.0012815398885868134,0.004999999999999949,0.0083963917568326,0.013549488969147205,0.005153097212314606,0.6196832792699091,79.34941784830009,2.085341927743531
9427,center_component,0.21342705916688942,0.22040235596138213,-0.004829395726555941,-0.0027976110822054423,-0.0040000000000000036,0.008631826378405094,0.012922004796564579,0.004290178418159485,0.6679943642104154,78.89046311045513,2.188650769171109
9427,cosine_orthogonality,-0.07357570421851278,-0.10021934014433631,-0.004077959107235074,-0.017434060947270957,-0.0040000000000000036,0.01470701489597559,0.014270231127738953,-0.0004367837682366371,1.0306080374120643,78.60346034706973,2.5092724652768275
9427,prototype_decorrelation,-0.05650819617942204,-0.05942780253156554,-0.006217693709768213,-0.01694849033025081,-0.007000000000000006,0.007076115347445011,0.006523286458104849,-0.0005528288893401623,1.0847469895566675,78.62052785510882,2.4684809276640567
9427,spectral,0.00022982958137163223,0.018453544888051177,-0.0009956621984019698,-0.0015847600833511777,0.0,0.0004126168496441096,0.0004442083591129631,3.1591509468853474e-05,0.9288813260247097,78.67726588086961,2.39059958024444
9427,ssr,0.24819941266964918,0.29287805601926253,0.00675232898327538,0.010892623978434157,0.008000000000000007,0.004388095811009407,0.011457194574177265,0.007069098763167858,0.3829991524189955,78.92523546395789,2.1161750691132286
9427,surround_component,0.051406069619346795,0.032131284423226436,0.002736749355681356,0.0012733331869823061,0.006000000000000005,0.008493379689753056,0.01332529541105032,0.004831915721297264,0.6373877222046213,78.72844212090759,2.3769218407092647
9429,center_component,-0.01691417288459718,-8.252258514351851e-05,-0.004076170283369596,-0.0012841741740703405,-0.0030000000000000027,0.008548786863684654,0.013155125081539154,0.0046063382178545,0.6498445898991364,79.3541742650911,2.2812769111606412
9429,cosine_orthogonality,-0.17027098429842624,-0.10846406860079494,-0.00434121026628409,-0.018649660572409577,-0.025000000000000022,0.014841670170426369,0.01447761245071888,-0.000364057719707489,1.0251462539798413,79.20081745367727,2.3896584571762927
9429,prototype_decorrelation,-0.06583084170303266,0.006457450079282889,-0.006359947528689958,-0.01816426232457169,-0.01200000000000001,0.00693316338583827,0.006434070877730846,-0.0004990925081074238,1.077570253357769,79.30525759627267,2.274736938496215
9429,spectral,-0.0006051650520220164,-0.018298619517853165,-0.001021750994259385,-0.0016228397190571897,0.0010000000000000009,0.0004087971756234765,0.00042750118882395327,1.8704013200476766e-05,0.9562480440067755,79.37048327292368,2.299493008093351
9429,ssr,-0.017316014804094948,-0.01810804884434969,0.0065341955120676865,0.012142197936773291,-0.0010000000000000009,0.00463970797136426,0.011457182466983795,0.0068174744956195354,0.4049606423511647,79.3537724231716,2.2993024374198474
9429,surround_component,-0.12432952651388973,-0.10810491578277359,0.0016908039152623289,0.0010113409161567333,0.0010000000000000009,0.00865108147263527,0.013440133072435856,0.004789051599800587,0.6436752840176581,79.24675891146181,2.3892993043582713
9431,center_component,-0.067739312962658,-0.06568100333498061,-0.0059376889793203436,-0.003090835341135856,0.0,0.008417801931500435,0.012826250866055489,0.004408448934555054,0.6562948143933502,79.53313928137895,1.7413067226061418
9431,cosine_orthogonality,-0.13516315051522554,-0.12401540801974309,-0.005225211228244042,-0.01809958231635389,-0.0040000000000000036,0.014659086242318153,0.013889963738620281,-0.0007691225036978722,1.0553725350311296,79.46571544382638,1.7996411272909043
9431,prototype_decorrelation,0.03307819943753998,-0.01828008469346254,-0.006990125691518134,-0.017640640409663177,-0.0010000000000000009,0.0070620994083583355,0.006500408053398132,-0.0005616913549602032,1.0864086300961637,79.63395679377915,1.6939058039646238
9431,spectral,0.01666666666666572,0.035568372987262675,-0.0011059248913078967,-0.0016935795778407758,0.0,0.0004225854645483196,0.00044564122799783945,2.3055763449519873e-05,0.9482638454410873,79.61754526100827,1.6400573462838985
9431,ssr,-0.01741216071648921,-0.03635310356601895,0.005441374839283419,0.010440247780934442,0.0,0.00446132430806756,0.011526997201144695,0.007065672893077135,0.3870326530160453,79.58346643362512,1.7119788228371802
9431,surround_component,-0.051483809853962725,-0.05394990955222689,0.0027364551089703593,0.0014691885979847275,0.008000000000000007,0.008276068605482578,0.01306069828569889,0.004784629680216312,0.6336620312670914,79.54939478448765,1.7295756288233881
9433,center_component,0.004261016651042837,-0.013477715542466129,-0.004283537920564351,-0.001837868653237873,-0.007000000000000006,0.00867260992527008,0.01319340243935585,0.00452079251408577,0.6573444541795929,79.42475769070052,2.0168546909252756
9433,cosine_orthogonality,0.05730047014678519,0.07621546445907357,-0.00354905188083654,-0.01841510862112039,-0.006000000000000005,0.014616550877690315,0.014354092068970203,-0.00026245880872011185,1.0182845983890183,79.47779714419626,1.9271615109237359
9433,prototype_decorrelation,-0.03407908547345073,-0.020641300820763764,-0.005716873812489309,-0.017860262207686883,0.0010000000000000009,0.006879676133394241,0.0066103157587349415,-0.00026936037465929985,1.0407484883461677,79.38641758857602,2.024018276203573
9433,spectral,0.017720392543083108,0.03661604100996607,-0.0009764693374745281,-0.0016364668682218309,0.0030000000000000027,0.00040872226236388087,0.0004293789097573608,2.0656647393479943e-05,0.9518917978408561,79.43821706659256,1.9667609343728434
9433,ssr,-0.12582563550905945,-0.20488933462143644,0.006612529708072579,0.011818709969520613,-0.0040000000000000036,0.004513905383646488,0.011754005216062069,0.007240099832415581,0.38403125578659364,79.29467103854041,2.208266310004246
9433,surround_component,-0.0391088503943422,-0.044447520202385515,0.00268021080177272,0.0012702669948339018,0.0030000000000000027,0.008441898040473461,0.013417361304163933,0.004975463263690472,0.6291772166747578,79.38138782365513,2.047824495585195
9435,center_component,-0.014478442013967197,-0.011609240850389835,-0.0037661542196292253,-0.0016190185397864099,-0.008000000000000007,0.008788177743554115,0.013591731898486614,0.004803554154932499,0.6465826289976073,78.91083575182421,1.987793458158875
9435,cosine_orthogonality,-0.010995898975991736,-0.001014031002718907,-0.0015718125971033725,-0.018931005373597154,-0.028000000000000025,0.015132537111639977,0.014566847123205662,-0.0005656899884343147,1.038834071892822,78.91431829486218,1.977198248311204
9435,prototype_decorrelation,-0.06568479908946756,-0.07333583588584314,-0.004410135942743976,-0.01872608311474333,-0.017000000000000015,0.007017227821052074,0.0065593356266617775,-0.00045789219439029694,1.0698077092638925,78.85962939474871,2.0495200531943283
9435,spectral,0.0,0.0,-0.0009817242482677013,-0.0016358822584152666,0.0010000000000000009,0.0004083093081135303,0.00044347040238790214,3.516109427437186e-05,0.9207137746171016,78.92531419383818,1.9761842173084851
9435,ssr,-0.06385973929657496,-0.06766416072695791,0.007015634694835127,0.012824136689305154,-0.0010000000000000009,0.004707474261522293,0.011726783588528633,0.00701930932700634,0.4014292773448327,78.8614544545416,2.043848378035443
9435,surround_component,-0.051703329632260875,-0.0922391351162768,0.0024009231018136123,0.0016224954277275216,-0.0020000000000000018,0.008715980686247349,0.013735772110521793,0.005019791424274445,0.6345461045885281,78.87361086420592,2.068423352424762
9437,center_component,-0.05075135412867837,0.017643832003098936,-0.006290970584377664,-0.0031030924990771425,-0.013000000000000012,0.008982929401099682,0.01335823442786932,0.004375305026769638,0.6724638236890478,80.05672973577826,2.035728880357682
9437,cosine_orthogonality,-0.009706976926963762,0.14305090485030258,-0.003141379375010578,-0.017599556241184366,-0.019000000000000017,0.01554135512560606,0.014697019010782242,-0.0008443361148238182,1.0574494810277093,80.09777411297998,1.9103218075104784
9437,prototype_decorrelation,-0.04298000709439975,0.03616756226392148,-0.005607643667608464,-0.01748816644772888,-0.020000000000000018,0.007406388875097036,0.006722480524331331,-0.0006839083507657051,1.1017345231853584,80.06450108281254,2.0172051500968595
9437,spectral,0.016778523489932695,0.017661603673613246,-0.001106980927288559,-0.0016665565222500067,0.0,0.000421071337768808,0.0004614195495378226,4.03482117690146e-05,0.9125563452839632,80.12425961339687,2.0357111086871678
9437,ssr,0.1120308906123455,0.14133652131248509,0.005765986954793467,0.011568424031138447,-0.006000000000000005,0.004333472810685635,0.01180980820208788,0.007476335391402245,0.36693845797762503,80.21951198051929,1.912036191048296
9437,surround_component,-0.06091408017420008,0.01746799466953952,0.0035839920863509622,0.001799294166267007,-0.007000000000000006,0.008802122436463833,0.013643133454024792,0.004841011017560959,0.6451686825556312,80.04656700973274,2.0359047176912415
9439,center_component,-0.06550393027673351,-0.01566530197944216,-0.0023568770755082458,-0.0011186087317764937,-0.014000000000000012,0.008475219830870628,0.012265834026038647,0.0037906141951680183,0.6909615614298159,79.24948675636386,2.2083959198187273
9439,cosine_orthogonality,0.013264295623471867,0.000825138421118421,-0.004429219561279618,-0.01915050469338886,-0.016000000000000014,0.014544668607413769,0.013872237876057625,-0.000672430731356144,1.0484731257756692,79.32825498226407,2.1919054794181667
9439,prototype_decorrelation,0.014398899159260736,0.09143929174291232,-0.006414996832609043,-0.018461725562810782,-0.008000000000000007,0.006904678884893656,0.006554010324180126,-0.0003506685607135296,1.0535044260488553,79.32938958579986,2.101291326096373
9439,spectral,0.0,0.0,-0.0011022971011698246,-0.0016586337238548854,0.0040000000000000036,0.0004206702287774533,0.00043984397780150175,1.9173749024048448e-05,0.9564078400711867,79.3149906866406,2.192730617839285
9439,ssr,-0.01594483184709361,-0.0169676820529161,0.008062280192971283,0.012134848218411154,0.0,0.0042318860068917274,0.011296953074634075,0.007065067067742348,0.3746041945056769,79.2990458547935,2.2096982998922012
9439,surround_component,0.033550661139130966,-0.005144351567705652,0.0017992702033371444,0.0010079594887792975,0.010000000000000009,0.008360829204320908,0.012968271970748901,0.004607442766427994,0.6447142088922492,79.34854134777973,2.197874969406991
