rank,condition,seed,control_aa,treatment_aa,aa_gain_pp,control_af,treatment_af,af_reduction_pp,effective_rank_change,overlap_reduction,basis_overlap_reduction,control_effective_rank,treatment_effective_rank,control_prototype_overlap,treatment_prototype_overlap,control_basis_overlap,treatment_basis_overlap
8,cauchy_object_aware,8411,79.61195792984512,80.14758740025155,0.5356294704064339,3.2701371397285626,2.3670971801101306,0.903039959618432,-8.761734008789062,-0.05732044577598572,-0.5486927926540375,163.3138885498047,154.55215454101562,0.08477650582790375,0.14209695160388947,0.4509107768535614,0.9996035695075989
8,cauchy_object_aware,8413,79.60897214331382,79.57502045881917,-0.03395168449465302,3.0271457203786474,3.2908684154437067,-0.2637226950650593,-8.039398193359375,-0.05770059674978256,-0.6482430994510651,162.9915771484375,154.95217895507812,0.08454606682062149,0.14224666357040405,0.35152485966682434,0.9997679591178894
8,cauchy_object_aware,8415,79.90136382273309,79.91749596278402,0.016132140050928,3.1236787891992988,2.896220593891107,0.22745819530819178,-9.322433471679688,-0.0675930380821228,-0.6808694899082184,163.1690216064453,153.84658813476562,0.08670243620872498,0.15429547429084778,0.31681230664253235,0.9976817965507507
8,cauchy_object_aware,8417,79.87177018496013,79.83810496157702,-0.03366522338311029,2.9499756558224464,2.8420305386095692,0.10794511721287714,-8.213180541992188,-0.06562470644712448,-0.5383715331554413,162.58164978027344,154.36846923828125,0.08906186372041702,0.1546865701675415,0.30637022852897644,0.8447417616844177
8,cauchy_object_aware,8419,80.14608505404252,79.73622210778981,-0.4098629462527015,2.7830380462548336,2.859573626403234,-0.07653558014840023,-7.39801025390625,-0.0504768043756485,-0.5130003392696381,162.5634307861328,155.16542053222656,0.08770141005516052,0.13817821443080902,0.4868146479129791,0.9998149871826172
8,cauchy_object_aware,8421,79.94974103582625,79.96449011690383,0.014749081077582105,2.5871172321712863,2.735094439929091,-0.14797720775780476,-7.603118896484375,-0.05601593106985092,-0.5887836813926697,162.58995056152344,154.98683166503906,0.08849824219942093,0.14451417326927185,0.41103458404541016,0.9998182654380798
8,cauchy_object_aware,8423,79.72536954683787,79.89452015449572,0.16915060765785483,3.00962551151726,2.925943364671969,0.08368214684529107,-8.395172119140625,-0.0666792243719101,-0.4500204920768738,162.7041015625,154.30892944335938,0.08454287052154541,0.1512220948934555,0.548801600933075,0.9988220930099487
8,cauchy_object_aware,8425,79.7737116684373,80.19094178856237,0.417230120125069,2.741932257344332,2.511352682212577,0.23057957513175475,-8.90966796875,-0.060850389301776886,-0.6360103785991669,163.22824096679688,154.31857299804688,0.08757186681032181,0.1484222561120987,0.3637203872203827,0.9997307658195496
8,cauchy_object_aware,8427,79.5827331861079,79.93456091860114,0.3518277324932342,3.0325463281216827,2.753642931871329,0.27890339625035354,-10.26641845703125,-0.08363080769777298,-0.4557652175426483,163.42832946777344,153.1619110107422,0.0841449573636055,0.16777576506137848,0.4446166455745697,0.900381863117218
8,cauchy_object_aware,8429,80.05329364920894,79.86229788245122,-0.19099576675772312,2.5933953392345774,2.9786035193711724,-0.38520818013659497,-9.089584350585938,-0.06949512660503387,-0.49069809913635254,162.68812561035156,153.59854125976562,0.0860896110534668,0.15558473765850067,0.5091149210929871,0.9998130202293396
8,gaussian_all_cosine,8411,79.61195792984512,80.43813874377352,0.8261808139284028,3.2701371397285626,2.24426608050817,1.0258710592203926,-32.33192443847656,-0.29226861894130707,-0.5349542796611786,163.3138885498047,130.98196411132812,0.08477650582790375,0.3770451247692108,0.4509107768535614,0.98586505651474
8,gaussian_all_cosine,8413,79.60897214331382,80.51886561009347,0.9098934667796499,3.0271457203786474,2.1215571381648184,0.905588582213829,-31.977447509765625,-0.2904347702860832,-0.6352070868015289,162.9915771484375,131.01412963867188,0.08454606682062149,0.3749808371067047,0.35152485966682434,0.9867319464683533
8,gaussian_all_cosine,8415,79.90136382273309,80.59369511746485,0.6923312947317584,3.1236787891992988,2.3373315930963927,0.786347196102906,-32.36518859863281,-0.28599992394447327,-0.6684105098247528,163.1690216064453,130.8038330078125,0.08670243620872498,0.37270236015319824,0.31681230664253235,0.9852228164672852
8,gaussian_all_cosine,8417,79.87177018496013,80.45022886283799,0.5784586778778618,2.9499756558224464,2.237821392104518,0.7121542637179283,-30.928619384765625,-0.27800335735082626,-0.6702356040477753,162.58164978027344,131.6530303955078,0.08906186372041702,0.3670652210712433,0.30637022852897644,0.9766058325767517
8,gaussian_all_cosine,8419,80.14608505404252,80.21795115673031,0.07186610268779248,2.7830380462548336,2.562446158382423,0.22059188787241046,-31.530990600585938,-0.28698936104774475,-0.5011514127254486,162.5634307861328,131.03244018554688,0.08770141005516052,0.3746907711029053,0.4868146479129791,0.9879660606384277
8,gaussian_all_cosine,8421,79.94974103582625,80.61387698500941,0.6641359491831622,2.5871172321712863,2.024001371153778,0.5631158610175082,-31.431182861328125,-0.28250812739133835,-0.5774520635604858,162.58995056152344,131.1587677001953,0.08849824219942093,0.3710063695907593,0.41103458404541016,0.988486647605896
8,gaussian_all_cosine,8423,79.72536954683787,80.61547062252798,0.8901010756901115,3.00962551151726,2.1285715182712384,0.8810539932460215,-31.974166870117188,-0.2909415364265442,-0.4337831735610962,162.7041015625,130.7299346923828,0.08454287052154541,0.3754844069480896,0.548801600933075,0.9825847744941711
8,gaussian_all_cosine,8425,79.7737116684373,80.06351134410781,0.28979967567050835,2.741932257344332,2.536193097129805,0.20573916021452687,-31.9693603515625,-0.2785136327147484,-0.6270671188831329,163.22824096679688,131.25888061523438,0.08757186681032181,0.3660854995250702,0.3637203872203827,0.9907875061035156
8,gaussian_all_cosine,8427,79.5827331861079,80.1131960959336,0.530462909825701,3.0325463281216827,2.578869831371541,0.45367649675014166,-32.35002136230469,-0.2911517843604088,-0.524467796087265,163.42832946777344,131.07830810546875,0.0841449573636055,0.3752967417240143,0.4446166455745697,0.9690844416618347
8,gaussian_all_cosine,8429,80.05329364920894,80.52684679995905,0.4735531507501065,2.5933953392345774,2.145258368852757,0.44813697038182054,-31.725143432617188,-0.2896595299243927,-0.4773021936416626,162.68812561035156,130.96298217773438,0.0860896110534668,0.3757491409778595,0.5091149210929871,0.9864171147346497
8,gaussian_basis_projective,8411,79.61195792984512,79.61397705236642,0.0020191225213039843,3.2701371397285626,2.984441513754259,0.28569562597430354,-1.5801544189453125,-0.009644374251365662,-0.5477584898471832,163.3138885498047,161.73373413085938,0.08477650582790375,0.09442088007926941,0.4509107768535614,0.9986692667007446
8,gaussian_basis_projective,8413,79.60897214331382,79.7306750254141,0.12170288210027991,3.0271457203786474,2.9301215840041204,0.097024136374527,-1.0711822509765625,-0.006811395287513733,-0.6452083885669708,162.9915771484375,161.92039489746094,0.08454606682062149,0.09135746210813522,0.35152485966682434,0.9967332482337952
8,gaussian_basis_projective,8415,79.90136382273309,80.00042793068447,0.09906410795137788,3.1236787891992988,2.742282654279173,0.3813961349201258,-1.5743560791015625,-0.009136348962783813,-0.6819388568401337,163.1690216064453,161.59466552734375,0.08670243620872498,0.09583878517150879,0.31681230664253235,0.998751163482666
8,gaussian_basis_projective,8417,79.87177018496013,79.78771546194353,-0.08405472301659245,2.9499756558224464,2.6673707790325487,0.28260487678989765,1.0054168701171875,-0.0034061968326568604,-0.6881998479366302,162.58164978027344,163.58706665039062,0.08906186372041702,0.09246806055307388,0.30637022852897644,0.9945700764656067
8,gaussian_basis_projective,8419,80.14608505404252,79.7769790262614,-0.3691060277811147,2.7830380462548336,2.601884343298774,0.1811537029560597,-0.8106536865234375,-0.00323505699634552,-0.5117480456829071,162.5634307861328,161.75277709960938,0.08770141005516052,0.09093646705150604,0.4868146479129791,0.9985626935958862
8,gaussian_basis_projective,8421,79.94974103582625,79.68220437000919,-0.2675366658170617,2.5871172321712863,2.7771030130547145,-0.1899857808834282,-1.0425872802734375,-0.006913408637046814,-0.5883733630180359,162.58995056152344,161.54736328125,0.08849824219942093,0.09541165083646774,0.41103458404541016,0.999407947063446
8,gaussian_basis_projective,8423,79.72536954683787,80.11520640264675,0.3898368558088805,3.00962551151726,2.7603999584989185,0.24922555301834137,-1.0780792236328125,-0.009930230677127838,-0.4507279396057129,162.7041015625,161.6260223388672,0.08454287052154541,0.09447310119867325,0.548801600933075,0.9995295405387878
8,gaussian_basis_projective,8425,79.7737116684373,80.00533524189034,0.2316235734530352,2.741932257344332,2.301094683139892,0.4408375742044397,-1.4806365966796875,-0.007093168795108795,-0.6353373825550079,163.22824096679688,161.7476043701172,0.08757186681032181,0.0946650356054306,0.3637203872203827,0.9990577697753906
8,gaussian_basis_projective,8427,79.5827331861079,80.23719412943005,0.6544609433221495,3.0325463281216827,2.1998033976307205,0.8327429304909622,0.39361572265625,-0.007062546908855438,-0.45969972014427185,163.42832946777344,163.8219451904297,0.0841449573636055,0.09120750427246094,0.4446166455745697,0.9043163657188416
8,gaussian_basis_projective,8429,80.05329364920894,79.76740250192586,-0.2858911472830812,2.5933953392345774,2.9434937256462486,-0.3500983864116711,-0.6875762939453125,-0.006445489823818207,-0.4898113012313843,162.68812561035156,162.00054931640625,0.0860896110534668,0.092535100877285,0.5091149210929871,0.9989262223243713
8,gaussian_object_aware,8411,79.61195792984512,80.5917183176049,0.9797603877597822,3.2701371397285626,2.01127658638034,1.2588605533482227,-32.41552734375,-0.29318223893642426,-0.5477587282657623,163.3138885498047,130.8983612060547,0.08477650582790375,0.377958744764328,0.4509107768535614,0.9986695051193237
8,gaussian_object_aware,8413,79.60897214331382,80.02716162737724,0.4181894840634186,3.0271457203786474,2.867333776793402,0.15981194358524542,-31.518096923828125,-0.27955030649900436,-0.6476459205150604,162.9915771484375,131.47348022460938,0.08454606682062149,0.36409637331962585,0.35152485966682434,0.9991707801818848
8,gaussian_object_aware,8415,79.90136382273309,80.13434405611035,0.23298023337726192,3.1236787891992988,2.433610238804228,0.6900685503950705,-33.46199035644531,-0.2996058762073517,-0.6827103197574615,163.1690216064453,129.70703125,0.08670243620872498,0.38630831241607666,0.31681230664253235,0.9995226263999939
8,gaussian_object_aware,8417,79.87177018496013,80.0868543705428,0.2150841855826684,2.9499756558224464,2.7234541381011774,0.22652151772126894,-33.86192321777344,-0.3030369505286217,-0.6910024583339691,162.58164978027344,128.7197265625,0.08906186372041702,0.3920988142490387,0.30637022852897644,0.9973726868629456
8,gaussian_object_aware,8419,80.14608505404252,80.11073320360478,-0.03535185043773481,2.7830380462548336,2.415686120525696,0.36735192572913755,-30.162811279296875,-0.2692970931529999,-0.5126985609531403,162.5634307861328,132.40061950683594,0.08770141005516052,0.3569985032081604,0.4868146479129791,0.9995132088661194
8,gaussian_object_aware,8421,79.94974103582625,80.21898052649743,0.2692394906711826,2.5871172321712863,2.339869870561183,0.2472473616101034,-30.91156005859375,-0.28003185242414474,-0.5884352922439575,162.58995056152344,131.6783905029297,0.08849824219942093,0.3685300946235657,0.41103458404541016,0.9994698762893677
8,gaussian_object_aware,8423,79.72536954683787,80.08859725563815,0.3632277088002809,3.00962551151726,2.611253264097454,0.3983722474198057,-31.88873291015625,-0.2907262444496155,-0.44971829652786255,162.7041015625,130.81536865234375,0.08454287052154541,0.3752691149711609,0.548801600933075,0.9985198974609375
8,gaussian_object_aware,8425,79.7737116684373,79.63502737322662,-0.13868429521068038,2.741932257344332,2.8628449137046657,-0.12091265636033377,-32.045013427734375,-0.2837532088160515,-0.635788768529892,163.22824096679688,131.1832275390625,0.08757186681032181,0.3713250756263733,0.3637203872203827,0.9995091557502747
8,gaussian_object_aware,8427,79.5827331861079,80.04754339035289,0.46481020424498354,3.0325463281216827,2.5228011945769673,0.5097451335447154,-36.180198669433594,-0.3190666660666466,-0.5115654170513153,163.42832946777344,127.24813079833984,0.0841449573636055,0.4032116234302521,0.4446166455745697,0.956182062625885
8,gaussian_object_aware,8429,80.05329364920894,79.99591469321838,-0.057378955990557756,2.5933953392345774,2.8286343760015127,-0.23523903676693525,-32.73681640625,-0.29313111305236816,-0.49045151472091675,162.68812561035156,129.95130920410156,0.0860896110534668,0.37922072410583496,0.5091149210929871,0.9995664358139038
8,gaussian_prototype_only,8411,79.61195792984512,80.51261731243545,0.9006593825903337,3.2701371397285626,2.3068245440684763,0.9633125956600863,-31.788177490234375,-0.2952593117952347,0.04541778564453125,163.3138885498047,131.5257110595703,0.08477650582790375,0.3800358176231384,0.4509107768535614,0.40549299120903015
8,gaussian_prototype_only,8413,79.60897214331382,79.7138985555376,0.10492641222377586,3.0271457203786474,2.6301613712467886,0.39698434913185876,-33.631622314453125,-0.3219643160700798,-0.007999598979949951,162.9915771484375,129.35995483398438,0.08454606682062149,0.4065103828907013,0.35152485966682434,0.3595244586467743
8,gaussian_prototype_only,8415,79.90136382273309,80.26016888160983,0.3588050588767402,3.1236787891992988,2.5960610965845303,0.5276176926147684,-31.671096801757812,-0.2971358001232147,0.027272909879684448,163.1690216064453,131.4979248046875,0.08670243620872498,0.3838382363319397,0.31681230664253235,0.2895393967628479
8,gaussian_prototype_only,8417,79.87177018496013,80.15518307569604,0.28341289073591724,2.9499756558224464,2.7878439252689367,0.1621317305535097,-32.6654052734375,-0.3034118339419365,-0.02840137481689453,162.58164978027344,129.91624450683594,0.08906186372041702,0.3924736976623535,0.30637022852897644,0.33477160334587097
8,gaussian_prototype_only,8419,80.14608505404252,80.4413374864965,0.29525243245397803,2.7830380462548336,2.2344000934823587,0.548637952772475,-31.310943603515625,-0.296682745218277,0.027246326208114624,162.5634307861328,131.2524871826172,0.08770141005516052,0.3843841552734375,0.4868146479129791,0.4595683217048645
8,gaussian_prototype_only,8421,79.94974103582625,80.44898862224332,0.49924758641707,2.5871172321712863,2.170273242459768,0.41684398971151815,-31.369003295898438,-0.2968265637755394,0.03440538048744202,162.58995056152344,131.220947265625,0.08849824219942093,0.3853248059749603,0.41103458404541016,0.37662920355796814
8,gaussian_prototype_only,8423,79.72536954683787,80.23509899386224,0.5097294470243696,3.00962551151726,2.5502976934085,0.4593278181087599,-30.706802368164062,-0.29815638065338135,0.06730017066001892,162.7041015625,131.99729919433594,0.08454287052154541,0.38269925117492676,0.548801600933075,0.48150143027305603
8,gaussian_prototype_only,8425,79.7737116684373,80.00589727387229,0.23218560543499223,2.741932257344332,2.752668989332781,-0.010736731988449044,-30.322036743164062,-0.28662609308958054,-0.028935670852661133,163.22824096679688,132.9062042236328,0.08757186681032181,0.37419795989990234,0.3637203872203827,0.3926560580730438
8,gaussian_prototype_only,8427,79.5827331861079,79.44303279860546,-0.13970038750244385,3.0325463281216827,3.3188359008024593,-0.2862895726807766,-32.065460205078125,-0.31105827540159225,0.07878798246383667,163.42832946777344,131.3628692626953,0.0841449573636055,0.39520323276519775,0.4446166455745697,0.36582866311073303
8,gaussian_prototype_only,8429,80.05329364920894,80.59742432620209,0.5441306769931487,2.5933953392345774,2.3326263166076244,0.260769022626953,-31.888595581054688,-0.3049725592136383,0.08043274283409119,162.68812561035156,130.79953002929688,0.0860896110534668,0.3910621702671051,0.5091149210929871,0.4286821782588959
8,inverse_object_aware,8411,79.61195792984512,80.09521902944054,0.48326109959542407,3.2701371397285626,2.417126800059152,0.8530103396694106,-4.3704833984375,-0.016065694391727448,-0.5489684641361237,163.3138885498047,158.9434051513672,0.08477650582790375,0.1008422002196312,0.4509107768535614,0.9998792409896851
8,inverse_object_aware,8413,79.60897214331382,79.73982453607238,0.13085239275855542,3.0271457203786474,2.981233490383126,0.04591222999552125,-3.712371826171875,-0.01802591234445572,-0.6483495533466339,162.9915771484375,159.27920532226562,0.08454606682062149,0.10257197916507721,0.35152485966682434,0.9998744130134583
8,inverse_object_aware,8415,79.90136382273309,79.69441652747464,-0.2069472952584448,3.1236787891992988,3.0554583384182994,0.06822045078099936,-3.759124755859375,-0.01631360501050949,-0.44447198510169983,163.1690216064453,159.40989685058594,0.08670243620872498,0.10301604121923447,0.31681230664253235,0.7612842917442322
8,inverse_object_aware,8417,79.87177018496013,80.05956906853712,0.18779888357698837,2.9499756558224464,2.500020302100716,0.44995535372173023,-3.2281494140625,-0.01440369337797165,-0.6935124695301056,162.58164978027344,159.35350036621094,0.08906186372041702,0.10346555709838867,0.30637022852897644,0.999882698059082
8,inverse_object_aware,8419,80.14608505404252,79.85354801307597,-0.2925370409665504,2.7830380462548336,2.80990194089783,-0.02686389464299621,-3.323944091796875,-0.014264442026615143,-0.5131013691425323,162.5634307861328,159.23948669433594,0.08770141005516052,0.10196585208177567,0.4868146479129791,0.9999160170555115
8,inverse_object_aware,8421,79.94974103582625,79.90568831214458,-0.044052723681673456,2.5871172321712863,2.6704210419336945,-0.08330380976240814,-3.218963623046875,-0.016360796988010406,-0.5888940095901489,162.58995056152344,159.37098693847656,0.08849824219942093,0.10485903918743134,0.41103458404541016,0.9999285936355591
8,inverse_object_aware,8423,79.72536954683787,79.84506361231604,0.1196940654781713,3.00962551151726,2.958071189957875,0.051554321559384775,-3.3425445556640625,-0.020744405686855316,-0.4510188102722168,162.7041015625,159.36155700683594,0.08454287052154541,0.10528727620840073,0.548801600933075,0.9998204112052917
8,inverse_object_aware,8425,79.7737116684373,80.23994696050086,0.4662352920635584,2.741932257344332,2.298784449599836,0.4431478077444959,-3.9040679931640625,-0.014670059084892273,-0.6361988484859467,163.22824096679688,159.3241729736328,0.08757186681032181,0.10224192589521408,0.3637203872203827,0.9999192357063293
8,inverse_object_aware,8427,79.5827331861079,79.88165389450653,0.29892070839862583,3.0325463281216827,2.5379542335114555,0.49459209461022713,-3.9827728271484375,-0.0177370086312294,-0.3873799741268158,163.42832946777344,159.445556640625,0.0841449573636055,0.1018819659948349,0.4446166455745697,0.8319966197013855
8,inverse_object_aware,8429,80.05329364920894,79.9702604820521,-0.08303316715684161,2.5933953392345774,2.9652667130631016,-0.3718713738285242,-3.363189697265625,-0.01783023029565811,-0.4908018112182617,162.68812561035156,159.32493591308594,0.0860896110534668,0.10391984134912491,0.5091149210929871,0.9999167323112488
8,laplace_object_aware,8411,79.61195792984512,80.10427770854719,0.49231977870206833,3.2701371397285626,2.57752550011325,0.6926116396153126,-6.9062042236328125,-0.050437942147254944,-0.549089103937149,163.3138885498047,156.40768432617188,0.08477650582790375,0.1352144479751587,0.4509107768535614,0.9999998807907104
8,laplace_object_aware,8413,79.60897214331382,79.7098168190099,0.1008446756960808,3.0271457203786474,3.0045677971702855,0.022577923208361828,-6.7470703125,-0.05826009064912796,-0.6484740674495697,162.9915771484375,156.2445068359375,0.08454606682062149,0.14280615746974945,0.35152485966682434,0.999998927116394
8,laplace_object_aware,8415,79.90136382273309,80.08941579185867,0.1880519691255813,3.1236787891992988,2.6619621817920525,0.4617166074072463,-7.3208160400390625,-0.06018953025341034,-0.6831870973110199,163.1690216064453,155.84820556640625,0.08670243620872498,0.14689196646213531,0.31681230664253235,0.9999994039535522
8,laplace_object_aware,8417,79.87177018496013,80.0832115815292,0.21144139656907157,2.9499756558224464,2.5124397148607245,0.4375359409617219,-6.5849761962890625,-0.05658326297998428,-0.6936281621456146,162.58164978027344,155.99667358398438,0.08906186372041702,0.1456451267004013,0.30637022852897644,0.9999983906745911
8,laplace_object_aware,8419,80.14608505404252,79.7828066007185,-0.3632784533240141,2.7830380462548336,2.846345646622336,-0.06330760036750238,-5.7119598388671875,-0.046041443943977356,-0.5131848752498627,162.5634307861328,156.85147094726562,0.08770141005516052,0.13374285399913788,0.4868146479129791,0.9999995231628418
8,laplace_object_aware,8421,79.94974103582625,80.00989594346194,0.06015490763569176,2.5871172321712863,2.5975562732478856,-0.01043904107659932,-5.8412933349609375,-0.05130300670862198,-0.5889644026756287,162.58995056152344,156.7486572265625,0.08849824219942093,0.1398012489080429,0.41103458404541016,0.9999989867210388
8,laplace_object_aware,8423,79.72536954683787,80.04410935647694,0.31873980963906945,3.00962551151726,2.710203679715699,0.2994218318015607,-6.3681488037109375,-0.060329437255859375,-0.45119738578796387,162.7041015625,156.33595275878906,0.08454287052154541,0.14487230777740479,0.548801600933075,0.9999989867210388
8,laplace_object_aware,8425,79.7737116684373,79.98584720345251,0.2121355350152072,2.741932257344332,2.6426853332836906,0.09924692406064128,-6.863372802734375,-0.051569707691669464,-0.6362794935703278,163.22824096679688,156.3648681640625,0.08757186681032181,0.13914157450199127,0.3637203872203827,0.9999998807907104
8,laplace_object_aware,8427,79.5827331861079,79.8318858666642,0.2491526805562927,3.0325463281216827,2.520273615439378,0.5122727126823046,-7.1424713134765625,-0.06632713228464127,-0.4206576645374298,163.42832946777344,156.28585815429688,0.0841449573636055,0.15047208964824677,0.4446166455745697,0.8652743101119995
8,laplace_object_aware,8429,80.05329364920894,79.85523050045893,-0.19806314875000908,2.5933953392345774,2.89121914312732,-0.29782380389274277,-6.7773284912109375,-0.061093270778656006,-0.4908846616744995,162.68812561035156,155.91079711914062,0.0860896110534668,0.1471828818321228,0.5091149210929871,0.9999995827674866
16,cauchy_object_aware,8411,79.02245177653677,79.45339395041523,0.43094217387846356,3.45856522566795,3.1864347123847607,0.2721305132831895,-8.036224365234375,-0.05829516053199768,-0.6303183138370514,163.68405151367188,155.6478271484375,0.08432357013225555,0.14261873066425323,0.2897659242153168,0.9200842380523682
16,cauchy_object_aware,8413,79.72979108729795,80.00000340772763,0.27021232042967824,3.0940915003958795,2.8377819118948233,0.25630958850105623,-9.390106201171875,-0.07556553930044174,-0.4493617117404938,163.5757598876953,154.18565368652344,0.08413302153348923,0.15969856083393097,0.255384236574173,0.7047459483146667
16,cauchy_object_aware,8415,79.26635568601128,80.13174783372688,0.8653921477155961,3.621185385449735,2.63440231341862,0.9867830720311148,-9.455047607421875,-0.0744764655828476,-0.6508690714836121,163.79296875,154.33792114257812,0.08213409781455994,0.15661056339740753,0.2896518111228943,0.9405208826065063
16,cauchy_object_aware,8417,79.89184946284342,79.49137793160534,-0.40047153123808243,2.716136158347909,3.3380402685389496,-0.6219041101910405,-8.237777709960938,-0.05528217554092407,-0.6697621643543243,163.46432495117188,155.22654724121094,0.08604118227958679,0.14132335782051086,0.3211704194545746,0.9909325838088989
16,cauchy_object_aware,8419,79.19356438514342,80.26103469561231,1.0674703104688916,3.556821043609751,2.6895490151649772,0.8672720284447739,-9.7249755859375,-0.07346620410680771,-0.6163810342550278,163.7560272216797,154.0310516357422,0.08053527027368546,0.15400147438049316,0.2469356805086136,0.8633167147636414
16,cauchy_object_aware,8421,79.45936307262211,79.55138957962768,0.09202650700557058,3.198378488250798,3.258950859735807,-0.06057237148500905,-8.822433471679688,-0.06619004160165787,-0.3307788074016571,164.15122985839844,155.32879638671875,0.08054997771978378,0.14674001932144165,0.3130575120449066,0.6438363194465637
16,cauchy_object_aware,8423,79.3903371677928,79.61127373068378,0.22093656289098362,3.3339772018311145,2.9623774789628685,0.37159972286824594,-10.219482421875,-0.07673990726470947,-0.3893074691295624,164.1682891845703,153.9488067626953,0.07943980395793915,0.15617971122264862,0.3617818057537079,0.7510892748832703
16,cauchy_object_aware,8425,79.3298013775408,79.72874409162199,0.398942714081187,3.076270534328281,3.011903087550124,0.06436744677815698,-8.962631225585938,-0.06354095041751862,-0.6131205558776855,164.56134033203125,155.5987091064453,0.07786191999912262,0.14140287041664124,0.2506604790687561,0.8637810349464417
16,cauchy_object_aware,8427,80.05860870599136,79.99745939276468,-0.061149313226678714,2.7129253601206726,2.8102554609996555,-0.09733010087898286,-8.26300048828125,-0.061301007866859436,-0.4507752060890198,163.2695770263672,155.00657653808594,0.08448493480682373,0.14578594267368317,0.3624633550643921,0.8132385611534119
16,cauchy_object_aware,8429,79.10256155300384,79.82928740305525,0.7267258500514089,3.3004699188076665,2.9768599290117823,0.3236099897958842,-8.84527587890625,-0.06693676114082336,-0.6374423801898956,163.31381225585938,154.46853637695312,0.08722957968711853,0.1541663408279419,0.25827106833457947,0.8957134485244751
16,gaussian_all_cosine,8411,79.02245177653677,80.2696073050129,1.247155528476128,3.45856522566795,2.2660463562720414,1.1925188693959088,-29.108489990234375,-0.26242177188396454,-0.6769774258136749,163.68405151367188,134.5755615234375,0.08432357013225555,0.3467453420162201,0.2897659242153168,0.9667433500289917
16,gaussian_all_cosine,8413,79.72979108729795,80.29536837510025,0.5655772878022987,3.0940915003958795,2.429346175235097,0.6647453251607827,-31.40960693359375,-0.28447482734918594,-0.714714378118515,163.5757598876953,132.16615295410156,0.08413302153348923,0.36860784888267517,0.255384236574173,0.970098614692688
16,gaussian_all_cosine,8415,79.26635568601128,80.42188455368895,1.155528867677674,3.621185385449735,2.28530985261734,1.3358755328323948,-31.354965209960938,-0.2891346514225006,-0.6582878828048706,163.79296875,132.43800354003906,0.08213409781455994,0.37126874923706055,0.2896518111228943,0.9479396939277649
16,gaussian_all_cosine,8417,79.89184946284342,79.89076349632482,-0.001085966518601822,2.716136158347909,2.6961266576160834,0.020009500731825725,-32.19844055175781,-0.3035717308521271,-0.626092940568924,163.46432495117188,131.26588439941406,0.08604118227958679,0.38961291313171387,0.3211704194545746,0.9472633600234985
16,gaussian_all_cosine,8419,79.19356438514342,80.61941414960474,1.4258497644613186,3.556821043609751,2.1558911891397154,1.4009298544700357,-30.25543212890625,-0.27313583344221115,-0.7168394178152084,163.7560272216797,133.50059509277344,0.08053527027368546,0.3536711037158966,0.2469356805086136,0.963775098323822
16,gaussian_all_cosine,8421,79.45936307262211,80.70412163200449,1.244758559382376,3.198378488250798,1.989865417914383,1.2085130703364149,-32.473846435546875,-0.288845457136631,-0.6511289775371552,164.15122985839844,131.67738342285156,0.08054997771978378,0.3693954348564148,0.3130575120449066,0.9641864895820618
16,gaussian_all_cosine,8423,79.3903371677928,80.47884202162963,1.088504853836838,3.3339772018311145,2.2227678258784764,1.111209375952638,-32.10450744628906,-0.2868555039167404,-0.5975676476955414,164.1682891845703,132.06378173828125,0.07943980395793915,0.36629530787467957,0.3617818057537079,0.9593494534492493
16,gaussian_all_cosine,8425,79.3298013775408,80.61275468392664,1.282953306385835,3.076270534328281,2.4275298520794744,0.6487406822488064,-31.52191162109375,-0.28592269122600555,-0.6817660927772522,164.56134033203125,133.0394287109375,0.07786191999912262,0.3637846112251282,0.2506604790687561,0.9324265718460083
16,gaussian_all_cosine,8427,80.05860870599136,80.33945903753542,0.2808503315440589,2.7129253601206726,2.289255151735676,0.4236702083849968,-31.570281982421875,-0.2964552640914917,-0.5877955555915833,163.2695770263672,131.6992950439453,0.08448493480682373,0.38094019889831543,0.3624633550643921,0.9502589106559753
16,gaussian_all_cosine,8429,79.10256155300384,80.34110191869296,1.2385403656891185,3.3004699188076665,2.216256900652885,1.0842130181547813,-31.416854858398438,-0.29401731491088867,-0.6866309940814972,163.31381225585938,131.89695739746094,0.08722957968711853,0.3812468945980072,0.25827106833457947,0.9449020624160767
16,gaussian_basis_projective,8411,79.02245177653677,79.40254828154112,0.3800965050043459,3.45856522566795,2.9892374194601947,0.4693278062077555,-1.23291015625,-0.0033997297286987305,-0.6846972405910492,163.68405151367188,162.45114135742188,0.08432357013225555,0.08772329986095428,0.2897659242153168,0.974463164806366
16,gaussian_basis_projective,8413,79.72979108729795,79.41017858519197,-0.3196125021059828,3.0940915003958795,3.1402243014126916,-0.04613280101681205,-0.3824615478515625,-0.007137194275856018,-0.41560158133506775,163.5757598876953,163.19329833984375,0.08413302153348923,0.09127021580934525,0.255384236574173,0.6709858179092407
16,gaussian_basis_projective,8415,79.26635568601128,79.83262565353205,0.5662699675207676,3.621185385449735,2.529971455460688,1.0912139299890469,-0.8795623779296875,-0.008738070726394653,-0.5872171521186829,163.79296875,162.9134063720703,0.08213409781455994,0.09087216854095459,0.2896518111228943,0.8768689632415771
16,gaussian_basis_projective,8417,79.89184946284342,79.61958549774697,-0.2722639650964567,2.716136158347909,3.088375918745639,-0.3722397603977301,-1.2681427001953125,-0.008283324539661407,-0.6643277704715729,163.46432495117188,162.19618225097656,0.08604118227958679,0.0943245068192482,0.3211704194545746,0.9854981899261475
16,gaussian_basis_projective,8419,79.19356438514342,80.17404697601094,0.9804825908675241,3.556821043609751,2.564621619288937,0.9921994243208143,-1.793243408203125,-0.0082792267203331,-0.7221942394971848,163.7560272216797,161.96278381347656,0.08053527027368546,0.08881449699401855,0.2469356805086136,0.9691299200057983
16,gaussian_basis_projective,8421,79.45936307262211,79.88699323406402,0.4276301614419111,3.198378488250798,2.6397931489430597,0.5585853393077382,-1.3919525146484375,-0.008497998118400574,-0.49118903279304504,164.15122985839844,162.75927734375,0.08054997771978378,0.08904797583818436,0.3130575120449066,0.8042465448379517
16,gaussian_basis_projective,8423,79.3903371677928,80.30348307122621,0.9131459034334171,3.3339772018311145,2.348149717191432,0.9858274846396826,-1.46728515625,-0.010241582989692688,-0.4803146421909332,164.1682891845703,162.7010040283203,0.07943980395793915,0.08968138694763184,0.3617818057537079,0.8420964479446411
16,gaussian_basis_projective,8425,79.3298013775408,79.8593273582575,0.5295259807166985,3.076270534328281,2.8647966654347163,0.21147386889356445,-2.383026123046875,-0.010296106338500977,-0.7251333594322205,164.56134033203125,162.17831420898438,0.07786191999912262,0.0881580263376236,0.2506604790687561,0.9757938385009766
16,gaussian_basis_projective,8427,80.05860870599136,79.50478812509742,-0.5538205808939409,2.7129253601206726,3.302918856879474,-0.5899934967588014,0.0658111572265625,-0.0031052902340888977,-0.4902684688568115,163.2695770263672,163.33538818359375,0.08448493480682373,0.08759022504091263,0.3624633550643921,0.8527318239212036
16,gaussian_basis_projective,8429,79.10256155300384,79.51034164614178,0.4077800931379443,3.3004699188076665,3.1143216010157917,0.1861483177918748,-0.9832305908203125,-0.004150561988353729,-0.6888318359851837,163.31381225585938,162.33058166503906,0.08722957968711853,0.09138014167547226,0.25827106833457947,0.9471029043197632
16,gaussian_object_aware,8411,79.02245177653677,80.03323053660726,1.0107787600704938,3.45856522566795,2.5058168453002203,0.9527483803677299,-30.952392578125,-0.2852756828069687,-0.685359925031662,163.68405151367188,132.73165893554688,0.08432357013225555,0.36959925293922424,0.2897659242153168,0.9751258492469788
16,gaussian_object_aware,8413,79.72979108729795,79.82430603251032,0.09451494521236725,3.0940915003958795,2.567623879166124,0.5264676212297554,-34.869293212890625,-0.3170030191540718,-0.5445912778377533,163.5757598876953,128.7064666748047,0.08413302153348923,0.40113604068756104,0.255384236574173,0.7999755144119263
16,gaussian_object_aware,8415,79.26635568601128,80.38839616645558,1.1220404804442978,3.621185385449735,2.052786173505251,1.568399211944484,-33.9732666015625,-0.30995413661003113,-0.6397868394851685,163.79296875,129.8197021484375,0.08213409781455994,0.39208823442459106,0.2896518111228943,0.9294386506080627
16,gaussian_object_aware,8417,79.89184946284342,80.00041950800916,0.10857004516573454,2.716136158347909,2.722237957213785,-0.006101798865875807,-32.07469177246094,-0.2832106053829193,-0.6689847409725189,163.46432495117188,131.38963317871094,0.08604118227958679,0.3692517876625061,0.3211704194545746,0.9901551604270935
16,gaussian_object_aware,8419,79.19356438514342,80.43116242762562,1.2375980424822046,3.556821043609751,2.386110966884913,1.1707100767248382,-33.72209167480469,-0.3050832375884056,-0.7145930975675583,163.7560272216797,130.033935546875,0.08053527027368546,0.38561850786209106,0.2469356805086136,0.9615287780761719
16,gaussian_object_aware,8421,79.45936307262211,80.14478918656958,0.6854261139474715,3.198378488250798,2.2373842485839472,0.9609942396668507,-35.139862060546875,-0.31582868844270706,-0.5953247249126434,164.15122985839844,129.01136779785156,0.08054997771978378,0.39637866616249084,0.3130575120449066,0.90838223695755
16,gaussian_object_aware,8423,79.3903371677928,80.12923384985262,0.7388966820598313,3.3339772018311145,2.3709934553295158,0.9629837465015987,-36.05061340332031,-0.32812388241291046,-0.44733354449272156,164.1682891845703,128.11767578125,0.07943980395793915,0.4075636863708496,0.3617818057537079,0.8091153502464294
16,gaussian_object_aware,8425,79.3298013775408,80.33512541736823,1.0053240398274284,3.076270534328281,2.3944386841076177,0.6818318502206631,-31.776382446289062,-0.2869662791490555,-0.7313076257705688,164.56134033203125,132.7849578857422,0.07786191999912262,0.3648281991481781,0.2506604790687561,0.981968104839325
16,gaussian_object_aware,8427,80.05860870599136,80.18237407154567,0.12376536555430562,2.7129253601206726,2.535660939940483,0.17726442018018984,-34.0679931640625,-0.30320772528648376,-0.5694601535797119,163.2695770263672,129.2015838623047,0.08448493480682373,0.3876926600933075,0.3624633550643921,0.931923508644104
16,gaussian_object_aware,8429,79.10256155300384,80.3440314775459,1.2414699245420593,3.3004699188076665,2.343713228434232,0.9567566903734344,-32.26332092285156,-0.29215970635414124,-0.5973025262355804,163.31381225585938,131.0504913330078,0.08722957968711853,0.37938928604125977,0.25827106833457947,0.8555735945701599
16,gaussian_prototype_only,8411,79.02245177653677,79.74001709062631,0.7175653140895406,3.45856522566795,2.8411700959877835,0.6173951296801667,-31.222244262695312,-0.31415529549121857,-0.006714344024658203,163.68405151367188,132.46180725097656,0.08432357013225555,0.3984788656234741,0.2897659242153168,0.296480268239975
16,gaussian_prototype_only,8413,79.72979108729795,79.39077023014076,-0.33902085715719465,3.0940915003958795,3.4443895971753853,-0.35029809677950574,-32.03712463378906,-0.3091591075062752,-0.022221148014068604,163.5757598876953,131.53863525390625,0.08413302153348923,0.3932921290397644,0.255384236574173,0.2776053845882416
16,gaussian_prototype_only,8415,79.26635568601128,79.73563544855989,0.46927976254860937,3.621185385449735,3.2961923164293037,0.32499306902043124,-31.459381103515625,-0.31219178438186646,0.004588037729263306,163.79296875,132.33358764648438,0.08213409781455994,0.3943258821964264,0.2896518111228943,0.285063773393631
16,gaussian_prototype_only,8417,79.89184946284342,79.61213419357239,-0.27971526927103696,2.716136158347909,3.232847511955159,-0.5167113536072501,-31.237152099609375,-0.3078071177005768,0.04595330357551575,163.46432495117188,132.2271728515625,0.08604118227958679,0.3938482999801636,0.3211704194545746,0.27521711587905884
16,gaussian_prototype_only,8419,79.19356438514342,79.59088373540561,0.3973193502621939,3.556821043609751,2.9698898642262574,0.5869311793834937,-33.464263916015625,-0.3345233127474785,-0.01432470977306366,163.7560272216797,130.29176330566406,0.08053527027368546,0.41505858302116394,0.2469356805086136,0.26126039028167725
16,gaussian_prototype_only,8421,79.45936307262211,80.31551634610119,0.8561532734790802,3.198378488250798,2.402802437525589,0.795576050725209,-33.31352233886719,-0.32862211018800735,0.019646525382995605,164.15122985839844,130.83770751953125,0.08054997771978378,0.40917208790779114,0.3130575120449066,0.293410986661911
16,gaussian_prototype_only,8423,79.3903371677928,79.82076615854965,0.4304289907568517,3.3339772018311145,2.93705308214791,0.3969241196832045,-33.42364501953125,-0.3273875266313553,0.034087926149368286,164.1682891845703,130.74464416503906,0.07943980395793915,0.40682733058929443,0.3617818057537079,0.3276938796043396
16,gaussian_prototype_only,8425,79.3298013775408,79.73440499348695,0.4046036159461437,3.076270534328281,3.2045150488533007,-0.12824451452501995,-33.93988037109375,-0.33655522763729095,-0.013612866401672363,164.56134033203125,130.6214599609375,0.07786191999912262,0.4144171476364136,0.2506604790687561,0.26427334547042847
16,gaussian_prototype_only,8427,80.05860870599136,79.67167112849175,-0.38693757749960866,2.7129253601206726,3.0665955788949466,-0.35367021877427396,-32.50416564941406,-0.3165484666824341,0.03671100735664368,163.2695770263672,130.76541137695312,0.08448493480682373,0.4010334014892578,0.3624633550643921,0.3257523477077484
16,gaussian_prototype_only,8429,79.10256155300384,79.81764413676186,0.7150825837580186,3.3004699188076665,2.7629458814075125,0.537524037400154,-32.63093566894531,-0.3233421742916107,-0.021734535694122314,163.31381225585938,130.68287658691406,0.08722957968711853,0.41057175397872925,0.25827106833457947,0.2800056040287018
16,inverse_object_aware,8411,79.02245177653677,79.31476166990288,0.29230989336610946,3.45856522566795,3.312928927897173,0.14563629777077702,-4.0095672607421875,-0.01683344691991806,-0.6144545376300812,163.68405151367188,159.6744842529297,0.08432357013225555,0.10115701705217361,0.2897659242153168,0.904220461845398
16,inverse_object_aware,8413,79.72979108729795,79.87762986052725,0.14783877322929584,3.0940915003958795,3.155763655214268,-0.0616721548183885,-4.1248931884765625,-0.0236499086022377,-0.36094680428504944,163.5757598876953,159.45086669921875,0.08413302153348923,0.10778293013572693,0.255384236574173,0.6163310408592224
16,inverse_object_aware,8415,79.26635568601128,79.48587682831696,0.21952114230568043,3.621185385449735,3.2174264585558174,0.40375892689391746,-4.486724853515625,-0.02409762144088745,-0.4491922855377197,163.79296875,159.30624389648438,0.08213409781455994,0.10623171925544739,0.2896518111228943,0.738844096660614
16,inverse_object_aware,8417,79.89184946284342,79.19005392752423,-0.7017955353191923,2.716136158347909,3.5571346932593966,-0.8409985349114875,-3.7034759521484375,-0.015136055648326874,-0.24988380074501038,163.46432495117188,159.76084899902344,0.08604118227958679,0.10117723792791367,0.3211704194545746,0.571054220199585
16,inverse_object_aware,8419,79.19356438514342,79.99412773028187,0.8005633451384568,3.556821043609751,2.8459650380009958,0.7108560056087554,-4.7417449951171875,-0.024101682007312775,-0.5690035670995712,163.7560272216797,159.0142822265625,0.08053527027368546,0.10463695228099823,0.2469356805086136,0.8159392476081848
16,inverse_object_aware,8421,79.45936307262211,79.22575838598974,-0.23360468663237555,3.198378488250798,3.6126557691242978,-0.4142772808734998,-4.90338134765625,-0.02152201533317566,-0.35161522030830383,164.15122985839844,159.2478485107422,0.08054997771978378,0.10207199305295944,0.3130575120449066,0.6646727323532104
16,inverse_object_aware,8423,79.3903371677928,79.77377034342915,0.3834331756363554,3.3339772018311145,2.9641417603658304,0.369835441465284,-5.24261474609375,-0.027339622378349304,-0.3103778064250946,164.1682891845703,158.92567443847656,0.07943980395793915,0.10677942633628845,0.3617818057537079,0.6721596121788025
16,inverse_object_aware,8425,79.3298013775408,79.28414268910862,-0.04565868843218368,3.076270534328281,3.59980433754642,-0.5235338032181391,-4.5400390625,-0.015545770525932312,-0.4970252513885498,164.56134033203125,160.02130126953125,0.07786191999912262,0.09340769052505493,0.2506604790687561,0.7476857304573059
16,inverse_object_aware,8427,80.05860870599136,79.69029464959453,-0.3683140563968266,2.7129253601206726,3.1372983673663484,-0.4243730072456757,-3.977691650390625,-0.016024082899093628,-0.3967844247817993,163.2695770263672,159.29188537597656,0.08448493480682373,0.10050901770591736,0.3624633550643921,0.7592477798461914
16,inverse_object_aware,8429,79.10256155300384,79.48326027387942,0.38069872087558565,3.3004699188076665,3.5628947225571204,-0.26242480374945387,-3.516693115234375,-0.016593515872955322,-0.5454334914684296,163.31381225585938,159.797119140625,0.08722957968711853,0.10382309556007385,0.25827106833457947,0.803704559803009
16,laplace_object_aware,8411,79.02245177653677,79.32303872666726,0.3005869501304943,3.45856522566795,3.145051625822974,0.3135135998449763,-6.6597137451171875,-0.053660422563552856,-0.6419207155704498,163.68405151367188,157.0243377685547,0.08432357013225555,0.1379839926958084,0.2897659242153168,0.9316866397857666
16,laplace_object_aware,8413,79.72979108729795,79.97306743518666,0.24327634788870967,3.0940915003958795,2.5986871932988294,0.4954043070970502,-7.2764129638671875,-0.06543724983930588,-0.5315782725811005,163.5757598876953,156.29934692382812,0.08413302153348923,0.1495702713727951,0.255384236574173,0.7869625091552734
16,laplace_object_aware,8415,79.26635568601128,80.21506521197728,0.9487095259659952,3.621185385449735,2.452983364534597,1.168202020915138,-7.1979827880859375,-0.062129244208335876,-0.6556485295295715,163.79296875,156.59498596191406,0.08213409781455994,0.1442633420228958,0.2896518111228943,0.9453003406524658
16,laplace_object_aware,8417,79.89184946284342,79.41646080871904,-0.47538865412438724,2.716136158347909,3.3403780951155224,-0.6242419367676133,-6.211761474609375,-0.04653139412403107,-0.6290002763271332,163.46432495117188,157.2525634765625,0.08604118227958679,0.13257257640361786,0.3211704194545746,0.9501706957817078
16,laplace_object_aware,8419,79.19356438514342,80.11664800895312,0.9230836238097027,3.556821043609751,2.7683570575944434,0.7884639860153078,-7.2547149658203125,-0.06095381826162338,-0.5946835726499557,163.7560272216797,156.50131225585938,0.08053527027368546,0.14148908853530884,0.2469356805086136,0.8416192531585693
16,laplace_object_aware,8421,79.45936307262211,79.75376763890628,0.29440456628417166,3.198378488250798,2.9898254615512547,0.20855302669954323,-7.11859130859375,-0.05743258446455002,-0.2932087481021881,164.15122985839844,157.0326385498047,0.08054997771978378,0.1379825621843338,0.3130575120449066,0.6062662601470947
16,laplace_object_aware,8423,79.3903371677928,79.86834507442579,0.4780079066329961,3.3339772018311145,2.7482241237899836,0.5857530780411309,-8.251251220703125,-0.06902210414409637,-0.416255384683609,164.1682891845703,155.9170379638672,0.07943980395793915,0.14846190810203552,0.3617818057537079,0.7780371904373169
16,laplace_object_aware,8425,79.3298013775408,79.86934115865441,0.5395397811136036,3.076270534328281,3.357811930656388,-0.28154139632810704,-7.05084228515625,-0.04917289316654205,-0.666692852973938,164.56134033203125,157.510498046875,0.07786191999912262,0.12703481316566467,0.2506604790687561,0.9173533320426941
16,laplace_object_aware,8427,80.05860870599136,79.66420758875492,-0.3944011172364412,2.7129253601206726,3.0464796733353894,-0.33355431321471674,-6.5206146240234375,-0.05240964889526367,-0.5253185033798218,163.2695770263672,156.74896240234375,0.08448493480682373,0.1368945837020874,0.3624633550643921,0.8877818584442139
16,laplace_object_aware,8429,79.10256155300384,79.62463464092244,0.5220730879185993,3.3004699188076665,3.2850662343104373,0.015403684497229175,-7.059326171875,-0.05977553129196167,-0.683648020029068,163.31381225585938,156.25448608398438,0.08722957968711853,0.1470051109790802,0.25827106833457947,0.9419190883636475
32,cauchy_object_aware,8411,79.08096840855016,79.58725666406066,0.5062882555104977,3.2330310536631046,2.8595591431617473,0.3734719105013573,-9.565902709960938,-0.07320216298103333,-0.6095331162214279,164.7631378173828,155.19723510742188,0.081780806183815,0.15498296916484833,0.2494577318429947,0.8589908480644226
32,cauchy_object_aware,8413,79.13784232635041,79.38537100432373,0.247528677973321,3.113400146658061,3.348379298019459,-0.2349791513613977,-9.124755859375,-0.0627937763929367,-0.6274779736995697,164.87095642089844,155.74620056152344,0.07946361601352692,0.14225739240646362,0.2227230966091156,0.8502010703086853
32,cauchy_object_aware,8415,78.4786047760916,79.20910949798818,0.7305047218965797,3.6138300857368475,3.2864515542269452,0.32737853150990226,-10.673355102539062,-0.08760324865579605,-0.34270530939102173,164.99781799316406,154.324462890625,0.07741817086935043,0.16502141952514648,0.2756500840187073,0.618355393409729
32,cauchy_object_aware,8417,78.74877297857326,80.16700703019048,1.418234051617219,3.535382250775138,2.4331548036352886,1.1022274471398492,-9.955093383789062,-0.07259159535169601,-0.7040081918239594,164.7812042236328,154.82611083984375,0.08198406547307968,0.1545756608247757,0.21918299794197083,0.9231911897659302
32,cauchy_object_aware,8419,79.20528148566366,78.84669994984299,-0.35858153582067587,3.065812019583746,3.5594345341664684,-0.49362251458272244,-8.539596557617188,-0.0623805895447731,-0.5834309160709381,164.57012939453125,156.03053283691406,0.07951591163873672,0.14189650118350983,0.2467535436153412,0.8301844596862793
32,cauchy_object_aware,8421,78.61020608236464,79.43840192852846,0.8281958461638226,3.6196409715415134,2.9687142252052623,0.6509267463362511,-10.178497314453125,-0.06556061655282974,-0.6083120703697205,165.2267608642578,155.0482635498047,0.07931419461965561,0.14487481117248535,0.2263895869255066,0.834701657295227
32,cauchy_object_aware,8423,78.47007411803854,79.51094653437329,1.04087241633475,3.677681516037763,2.7586097690423173,0.9190717469954457,-8.7982177734375,-0.053649239242076874,-0.6054436415433884,165.33355712890625,156.53533935546875,0.07929747551679611,0.13294671475887299,0.23208869993686676,0.8375323414802551
32,cauchy_object_aware,8425,78.54861417953987,78.90765061387987,0.3590364343399983,3.9753796726261417,3.7237487793627806,0.2516308932633611,-8.916580200195312,-0.06223400682210922,-0.5745755285024643,164.89273071289062,155.9761505126953,0.07886660844087601,0.14110061526298523,0.2233397513628006,0.7979152798652649
32,cauchy_object_aware,8427,78.8423745058956,79.23344202557145,0.3910675196758433,3.6727309207661474,3.228196782725436,0.4445341380407113,-10.486175537109375,-0.08210808038711548,-0.5101233869791031,165.1092529296875,154.62307739257812,0.07929785549640656,0.16140593588352203,0.20666907727718353,0.7167924642562866
32,cauchy_object_aware,8429,79.1261640969008,79.09448716534783,-0.03167693155296547,3.1317268417461697,3.6463828958851514,-0.5146560541389817,-9.9442138671875,-0.07246631383895874,-0.5737332254648209,165.36146545410156,155.41725158691406,0.0784359723329544,0.15090228617191315,0.21637754142284393,0.7901107668876648
32,gaussian_all_cosine,8411,79.08096840855016,80.79545729609853,1.7144888875483701,3.2330310536631046,2.1646723277966102,1.0683587258664944,-31.705764770507812,-0.28918127715587616,-0.6696504205465317,164.7631378173828,133.057373046875,0.081780806183815,0.37096208333969116,0.2494577318429947,0.9191081523895264
32,gaussian_all_cosine,8413,79.13784232635041,79.91438974508299,0.7765474187325765,3.113400146658061,2.7786241287896494,0.3347760178684118,-29.665573120117188,-0.283450111746788,-0.6635887324810028,164.87095642089844,135.20538330078125,0.07946361601352692,0.36291372776031494,0.2227230966091156,0.8863118290901184
32,gaussian_all_cosine,8415,78.4786047760916,80.22669606045699,1.7480912843653869,3.6138300857368475,2.022879525189508,1.5909505605473395,-32.95782470703125,-0.30663884431123734,-0.5880523920059204,164.99781799316406,132.0399932861328,0.07741817086935043,0.38405701518058777,0.2756500840187073,0.8637024760246277
32,gaussian_all_cosine,8417,78.74877297857326,80.19603894033801,1.4472659617647565,3.535382250775138,2.584671072411738,0.9507111783633997,-34.389434814453125,-0.31461960822343826,-0.6969645321369171,164.7812042236328,130.3917694091797,0.08198406547307968,0.39660367369651794,0.21918299794197083,0.9161475300788879
32,gaussian_all_cosine,8419,79.20528148566366,79.95122944161074,0.7459479559470736,3.065812019583746,2.935869146761432,0.12994287282231376,-29.586395263671875,-0.27251964062452316,-0.6866542994976044,164.57012939453125,134.98373413085938,0.07951591163873672,0.3520355522632599,0.2467535436153412,0.9334078431129456
32,gaussian_all_cosine,8421,78.61020608236464,80.21490569615749,1.604699613792846,3.6196409715415134,2.5385781862410153,1.0810627853004982,-31.866714477539062,-0.29414886981248856,-0.6933441162109375,165.2267608642578,133.36004638671875,0.07931419461965561,0.37346306443214417,0.2263895869255066,0.9197337031364441
32,gaussian_all_cosine,8423,78.47007411803854,80.03120227656127,1.5611281585227346,3.677681516037763,2.21616239663003,1.461519119407733,-28.325836181640625,-0.2672886624932289,-0.6573498100042343,165.33355712890625,137.00772094726562,0.07929747551679611,0.346586138010025,0.23208869993686676,0.8894385099411011
32,gaussian_all_cosine,8425,78.54861417953987,80.37931955232719,1.830705372787321,3.9753796726261417,2.156651345732317,1.8187283268938246,-28.554702758789062,-0.2721394822001457,-0.6652251929044724,164.89273071289062,136.33802795410156,0.07886660844087601,0.35100609064102173,0.2233397513628006,0.888564944267273
32,gaussian_all_cosine,8427,78.8423745058956,79.03769337491902,0.19531886902341,3.6727309207661474,3.432971430492871,0.23975949027327648,-30.18414306640625,-0.28863267600536346,-0.6998367458581924,165.1092529296875,134.92510986328125,0.07929785549640656,0.36793053150177,0.20666907727718353,0.906505823135376
32,gaussian_all_cosine,8429,79.1261640969008,80.29257191577257,1.1664078188717752,3.1317268417461697,2.6577471467108436,0.4739796950353261,-30.962387084960938,-0.28705619275569916,-0.6946031600236893,165.36146545410156,134.39907836914062,0.0784359723329544,0.36549216508865356,0.21637754142284393,0.9109807014465332
32,gaussian_basis_projective,8411,79.08096840855016,79.50865353682707,0.42768512827690586,3.2330310536631046,2.9917000964263276,0.241330957236777,-1.8863983154296875,-0.006735578179359436,-0.5848014205694199,164.7631378173828,162.87673950195312,0.081780806183815,0.08851638436317444,0.2494577318429947,0.8342591524124146
32,gaussian_basis_projective,8413,79.13784232635041,79.83253116169507,0.6946888353446639,3.113400146658061,3.037220263778534,0.07617988287952704,-1.9849700927734375,-0.006715022027492523,-0.6748481690883636,164.87095642089844,162.885986328125,0.07946361601352692,0.08617863804101944,0.2227230966091156,0.8975712656974792
32,gaussian_basis_projective,8415,78.4786047760916,79.67169604369978,1.1930912676081817,3.6138300857368475,2.2544573885686923,1.3593726971681552,-1.2276458740234375,-0.005532994866371155,-0.4413186311721802,164.99781799316406,163.77017211914062,0.07741817086935043,0.08295116573572159,0.2756500840187073,0.7169687151908875
32,gaussian_basis_projective,8417,78.74877297857326,79.57002561689005,0.8212526383167926,3.535382250775138,2.843255599520464,0.6921266512546738,-2.121307373046875,-0.010288499295711517,-0.6873050034046173,164.7812042236328,162.65989685058594,0.08198406547307968,0.0922725647687912,0.21918299794197083,0.9064880013465881
32,gaussian_basis_projective,8419,79.20528148566366,79.38650027404958,0.18121878838591954,3.065812019583746,2.905856493301777,0.15995552628196874,-0.906829833984375,-0.0009089261293411255,-0.6322034299373627,164.57012939453125,163.66329956054688,0.07951591163873672,0.08042483776807785,0.2467535436153412,0.8789569735527039
32,gaussian_basis_projective,8421,78.61020608236464,79.98125192126042,1.3710458388957818,3.6196409715415134,2.5149292161375896,1.1047117554039239,-1.8132476806640625,-0.007265098392963409,-0.6917709112167358,165.2267608642578,163.41351318359375,0.07931419461965561,0.08657929301261902,0.2263895869255066,0.9181604981422424
32,gaussian_basis_projective,8423,78.47007411803854,80.26088554008292,1.790811422044385,3.677681516037763,2.1232939911116175,1.5543875249261454,-1.392913818359375,-0.0003640279173851013,-0.6019784659147263,165.33355712890625,163.94064331054688,0.07929747551679611,0.07966150343418121,0.23208869993686676,0.834067165851593
32,gaussian_basis_projective,8425,78.54861417953987,79.64991747963211,1.1013033000922405,3.9753796726261417,3.072119775331433,0.9032598972947086,-2.2243804931640625,-0.011954590678215027,-0.6839330643415451,164.89273071289062,162.66835021972656,0.07886660844087601,0.09082119911909103,0.2233397513628006,0.9072728157043457
32,gaussian_basis_projective,8427,78.8423745058956,79.61296980834268,0.7705953024470773,3.6727309207661474,2.9691319580135214,0.703598962752626,-1.1572723388671875,-0.002115212380886078,-0.6074252277612686,165.1092529296875,163.9519805908203,0.07929785549640656,0.08141306787729263,0.20666907727718353,0.8140943050384521
32,gaussian_basis_projective,8429,79.1261640969008,79.46068375310965,0.3345196562088546,3.1317268417461697,2.9322426118577516,0.19948422988841807,-1.58294677734375,-0.0039970651268959045,-0.6643538624048233,165.36146545410156,163.7785186767578,0.0784359723329544,0.08243303745985031,0.21637754142284393,0.8807314038276672
32,gaussian_object_aware,8411,79.08096840855016,79.67459034705531,0.5936219385051515,3.2330310536631046,2.831542517234415,0.40148853642868954,-34.749786376953125,-0.31775493919849396,-0.6270555108785629,164.7631378173828,130.0133514404297,0.081780806183815,0.39953574538230896,0.2494577318429947,0.8765132427215576
32,gaussian_object_aware,8413,79.13784232635041,79.67045827181745,0.5326159454670432,3.113400146658061,2.900073467253296,0.21332667940476524,-31.738754272460938,-0.29998181760311127,-0.6875414550304413,164.87095642089844,133.1322021484375,0.07946361601352692,0.3794454336166382,0.2227230966091156,0.9102645516395569
32,gaussian_object_aware,8415,78.4786047760916,80.0853701866389,1.6067654105472968,3.6138300857368475,1.949229450462349,1.6646006352744984,-36.42230224609375,-0.3377089276909828,-0.6059104204177856,164.99781799316406,128.5755157470703,0.07741817086935043,0.41512709856033325,0.2756500840187073,0.8815605044364929
32,gaussian_object_aware,8417,78.74877297857326,79.94638376147502,1.1976107829017621,3.535382250775138,2.482198349068222,1.053183901706916,-35.01417541503906,-0.3087129667401314,-0.7253808081150055,164.7812042236328,129.76702880859375,0.08198406547307968,0.39069703221321106,0.21918299794197083,0.9445638060569763
32,gaussian_object_aware,8419,79.20528148566366,79.31144445519257,0.10616296952890991,3.065812019583746,3.1885059106420655,-0.12269389105831952,-31.636978149414062,-0.30112551897764206,-0.6584620773792267,164.57012939453125,132.9331512451172,0.07951591163873672,0.3806414306163788,0.2467535436153412,0.9052156209945679
32,gaussian_object_aware,8421,78.61020608236464,80.20253430107917,1.5923282187145276,3.6196409715415134,2.4559220230911585,1.163718948450355,-33.949920654296875,-0.309096522629261,-0.7077714204788208,165.2267608642578,131.27684020996094,0.07931419461965561,0.3884107172489166,0.2263895869255066,0.9341610074043274
32,gaussian_object_aware,8423,78.47007411803854,79.28710028183158,0.8170261637930452,3.677681516037763,2.8176648704628224,0.8600166455749405,-30.917236328125,-0.2975219562649727,-0.6147596091032028,165.33355712890625,134.41632080078125,0.07929747551679611,0.3768194317817688,0.23208869993686676,0.8468483090400696
32,gaussian_object_aware,8425,78.54861417953987,80.24420097145975,1.6955867919198795,3.9753796726261417,2.463070526651065,1.5123091459750766,-31.937973022460938,-0.29034700244665146,-0.6791133135557175,164.89273071289062,132.9547576904297,0.07886660844087601,0.36921361088752747,0.2233397513628006,0.9024530649185181
32,gaussian_object_aware,8427,78.8423745058956,79.66229605176588,0.8199215458702724,3.6727309207661474,3.1729481997419193,0.49978272102422805,-33.76091003417969,-0.31477926671504974,-0.6543082147836685,165.1092529296875,131.3483428955078,0.07929785549640656,0.3940771222114563,0.20666907727718353,0.860977292060852
32,gaussian_object_aware,8429,79.1261640969008,79.85867222316024,0.7325081262594466,3.1317268417461697,2.565588147762492,0.5661386939836777,-33.576171875,-0.31453342735767365,-0.6626585870981216,165.36146545410156,131.78529357910156,0.0784359723329544,0.39296939969062805,0.21637754142284393,0.8790361285209656
32,gaussian_prototype_only,8411,79.08096840855016,79.69856672187622,0.6175983133260559,3.2330310536631046,2.7628872851870723,0.47014376847603234,-34.71406555175781,-0.3461867719888687,0.015094920992851257,164.7631378173828,130.049072265625,0.081780806183815,0.4279675781726837,0.2494577318429947,0.23436281085014343
32,gaussian_prototype_only,8413,79.13784232635041,78.92315916650135,-0.21468315984905928,3.113400146658061,3.6331621316352103,-0.5197619849771491,-32.54197692871094,-0.33051709830760956,-0.017287224531173706,164.87095642089844,132.3289794921875,0.07946361601352692,0.4099807143211365,0.2227230966091156,0.2400103211402893
32,gaussian_prototype_only,8415,78.4786047760916,78.99513653971763,0.516531763626034,3.6138300857368475,3.477474087663462,0.13635599807338528,-34.23396301269531,-0.3422471955418587,0.02013537287712097,164.99781799316406,130.76385498046875,0.07741817086935043,0.4196653664112091,0.2756500840187073,0.2555147111415863
32,gaussian_prototype_only,8417,78.74877297857326,79.01762886723012,0.2688558886568586,3.535382250775138,3.663030797451236,-0.12764854667609837,-32.892181396484375,-0.3263695314526558,-0.012250468134880066,164.7812042236328,131.88902282714844,0.08198406547307968,0.4083535969257355,0.21918299794197083,0.2314334660768509
32,gaussian_prototype_only,8419,79.20528148566366,79.17778679524307,-0.027494690420596157,3.065812019583746,3.581273942070151,-0.5154619224864052,-33.18876647949219,-0.3322913274168968,0.0048745423555374146,164.57012939453125,131.38136291503906,0.07951591163873672,0.41180723905563354,0.2467535436153412,0.24187900125980377
32,gaussian_prototype_only,8421,78.61020608236464,79.30462837731751,0.6944222949528722,3.6196409715415134,3.2506150635492794,0.369025907992234,-35.12249755859375,-0.3503129854798317,-0.00022718310356140137,165.2267608642578,130.10426330566406,0.07931419461965561,0.4296271800994873,0.2263895869255066,0.226616770029068
32,gaussian_prototype_only,8423,78.47007411803854,78.5780483023983,0.1079741843597617,3.677681516037763,3.766289819545332,-0.0886083035075691,-33.48432922363281,-0.3338705971837044,-0.008391767740249634,165.33355712890625,131.84922790527344,0.07929747551679611,0.4131680727005005,0.23208869993686676,0.2404804676771164
32,gaussian_prototype_only,8425,78.54861417953987,79.58974999444824,1.0411358149083725,3.9753796726261417,3.3696485628182047,0.605731109807937,-34.23396301269531,-0.34260740131139755,0.004703089594841003,164.89273071289062,130.6587677001953,0.07886660844087601,0.42147400975227356,0.2233397513628006,0.2186366617679596
32,gaussian_prototype_only,8427,78.8423745058956,79.61385292093101,0.7714784150354035,3.6727309207661474,2.7133756785137004,0.959355242252447,-35.63673400878906,-0.35592906177043915,-0.0116330087184906,165.1092529296875,129.47251892089844,0.07929785549640656,0.4352269172668457,0.20666907727718353,0.21830208599567413
32,gaussian_prototype_only,8429,79.1261640969008,78.76204640075764,-0.36411769614315403,3.1317268417461697,4.139662685876842,-1.0079358441306723,-36.16481018066406,-0.35074086487293243,-0.0021884292364120483,165.36146545410156,129.1966552734375,0.0784359723329544,0.42917683720588684,0.21637754142284393,0.21856597065925598
32,inverse_object_aware,8411,79.08096840855016,79.35675116982165,0.27578276127148627,3.2330310536631046,3.213424629126709,0.019606424536395828,-4.789825439453125,-0.017107725143432617,-0.396618589758873,164.7631378173828,159.9733123779297,0.081780806183815,0.09888853132724762,0.2494577318429947,0.6460763216018677
32,inverse_object_aware,8413,79.13784232635041,79.14543540653303,0.007593080182616063,3.113400146658061,3.733721078608126,-0.6203209319500647,-4.02996826171875,-0.01219913363456726,-0.4475773274898529,164.87095642089844,160.8409881591797,0.07946361601352692,0.09166274964809418,0.2227230966091156,0.6703004240989685
32,inverse_object_aware,8415,78.4786047760916,79.39203733101027,0.9134325549186713,3.6138300857368475,2.992575911709139,0.6212541740277087,-5.6287384033203125,-0.026065878570079803,-0.35893940925598145,164.99781799316406,159.36907958984375,0.07741817086935043,0.10348404943943024,0.2756500840187073,0.6345894932746887
32,inverse_object_aware,8417,78.74877297857326,79.35990321391556,0.6111302353423014,3.535382250775138,2.873490065259414,0.6618921855157236,-5.2978668212890625,-0.019440844655036926,-0.5611179769039154,164.7812042236328,159.48333740234375,0.08198406547307968,0.10142491012811661,0.21918299794197083,0.7803009748458862
32,inverse_object_aware,8419,79.20528148566366,78.94575807135396,-0.2595234143096974,3.065812019583746,3.679951409271288,-0.614139389687542,-4.77117919921875,-0.022472821176052094,-0.35798361897468567,164.57012939453125,159.7989501953125,0.07951591163873672,0.10198873281478882,0.2467535436153412,0.6047371625900269
32,inverse_object_aware,8421,78.61020608236464,79.54388316012327,0.933677077758631,3.6196409715415134,2.788707635367279,0.8309333361742346,-5.39642333984375,-0.019678279757499695,-0.47288936376571655,165.2267608642578,159.83033752441406,0.07931419461965561,0.0989924743771553,0.2263895869255066,0.6992789506912231
32,inverse_object_aware,8423,78.47007411803854,79.37334127887884,0.9032671608403007,3.677681516037763,2.8604879020880873,0.8171936139496756,-4.7081756591796875,-0.011912330985069275,-0.564705953001976,165.33355712890625,160.62538146972656,0.07929747551679611,0.09120980650186539,0.23208869993686676,0.7967946529388428
32,inverse_object_aware,8425,78.54861417953987,79.50764442576396,0.9590302462240885,3.9753796726261417,3.192185666607547,0.7831940060185945,-5.1061248779296875,-0.025752313435077667,-0.35547302663326263,164.89273071289062,159.78660583496094,0.07886660844087601,0.10461892187595367,0.2233397513628006,0.5788127779960632
32,inverse_object_aware,8427,78.8423745058956,79.16941427273738,0.3270397668417786,3.6727309207661474,3.405184988913292,0.26754593185285547,-5.476409912109375,-0.023765332996845245,-0.35674668848514557,165.1092529296875,159.63284301757812,0.07929785549640656,0.1030631884932518,0.20666907727718353,0.5634157657623291
32,inverse_object_aware,8429,79.1261640969008,78.98335273277549,-0.1428113641253077,3.1317268417461697,4.0385928410559755,-0.9068659993098058,-5.701904296875,-0.025304950773715973,-0.38772137463092804,165.36146545410156,159.65956115722656,0.0784359723329544,0.10374092310667038,0.21637754142284393,0.604098916053772
32,laplace_object_aware,8411,79.08096840855016,79.65400424441063,0.5730358358604661,3.2330310536631046,2.7744327601477843,0.45859829351532033,-8.226531982421875,-0.06267619132995605,-0.6406520456075668,164.7631378173828,156.53660583496094,0.081780806183815,0.14445699751377106,0.2494577318429947,0.8901097774505615
32,laplace_object_aware,8413,79.13784232635041,79.05761401311523,-0.08022831323518176,3.113400146658061,3.788433985656711,-0.6750338389986497,-6.4599151611328125,-0.04516300559043884,-0.5778425633907318,164.87095642089844,158.41104125976562,0.07946361601352692,0.12462662160396576,0.2227230966091156,0.8005656599998474
32,laplace_object_aware,8415,78.4786047760916,79.96606225967157,1.4874574835799734,3.6138300857368475,2.7683270504080086,0.8455030353288389,-8.642120361328125,-0.07235602289438248,-0.48702871799468994,164.99781799316406,156.35569763183594,0.07741817086935043,0.1497741937637329,0.2756500840187073,0.7626788020133972
32,laplace_object_aware,8417,78.74877297857326,79.8799361665933,1.1311631880200395,3.535382250775138,2.6990059161434115,0.8363763346317263,-8.094940185546875,-0.06111816316843033,-0.6409310400485992,164.7812042236328,156.68626403808594,0.08198406547307968,0.14310222864151,0.21918299794197083,0.8601140379905701
32,laplace_object_aware,8419,79.20528148566366,78.57635428531552,-0.6289272003481443,3.065812019583746,4.108120146604338,-1.042308127020592,-7.507537841796875,-0.057107605040073395,-0.567814439535141,164.57012939453125,157.06259155273438,0.07951591163873672,0.13662351667881012,0.2467535436153412,0.8145679831504822
32,laplace_object_aware,8421,78.61020608236464,79.43920229725423,0.8289962148895853,3.6196409715415134,3.2037844121101386,0.4158565594313748,-8.592193603515625,-0.058753229677677155,-0.6283538341522217,165.2267608642578,156.6345672607422,0.07931419461965561,0.13806742429733276,0.2263895869255066,0.8547434210777283
32,laplace_object_aware,8423,78.47007411803854,79.09797858090975,0.6279044628712143,3.677681516037763,3.716878679581495,-0.03919716354373204,-7.3899993896484375,-0.04819410294294357,-0.6600916832685471,165.33355712890625,157.9435577392578,0.07929747551679611,0.12749157845973969,0.23208869993686676,0.8921803832054138
32,laplace_object_aware,8425,78.54861417953987,79.82538464728424,1.2767704677443703,3.9753796726261417,2.952214149121835,1.0231655235043067,-7.342498779296875,-0.056625016033649445,-0.561260387301445,164.89273071289062,157.55023193359375,0.07886660844087601,0.13549162447452545,0.2233397513628006,0.7846001386642456
32,laplace_object_aware,8427,78.8423745058956,79.56168011552741,0.7193056096318031,3.6727309207661474,3.348835976744951,0.32389494402119645,-7.87213134765625,-0.06673192977905273,-0.4427073746919632,165.1092529296875,157.23712158203125,0.07929785549640656,0.1460297852754593,0.20666907727718353,0.6493764519691467
32,laplace_object_aware,8429,79.1261640969008,79.58416506635291,0.4580009694521152,3.1317268417461697,3.3050616677559983,-0.17333482600982864,-8.136260986328125,-0.0638752430677414,-0.5379583984613419,165.36146545410156,157.22520446777344,0.0784359723329544,0.1423112154006958,0.21637754142284393,0.7543359398841858
