rank,method,seed,coefficient,avg_accuracy,avg_forgetting,result_file
16,kd,17831,0.0,79.76583851527401,3.1648846541160323,/unify/ydchen/unidit/bioreg_meeting_20260803_final/results/ssr_cosmos_lowrank_geometry_r16_1node_20260906_r1_cub_lowrank_fixedkd_geometry_v1/rank_16/confirmation/kd/seed_17831/result.json
16,kd,17833,0.0,79.53797503907143,3.136545132308763,/unify/ydchen/unidit/bioreg_meeting_20260803_final/results/ssr_cosmos_lowrank_geometry_r16_1node_20260906_r1_cub_lowrank_fixedkd_geometry_v1/rank_16/confirmation/kd/seed_17833/result.json
16,kd,17835,0.0,79.09272403849363,3.6798971761191446,/unify/ydchen/unidit/bioreg_meeting_20260803_final/results/ssr_cosmos_lowrank_geometry_r16_1node_20260906_r1_cub_lowrank_fixedkd_geometry_v1/rank_16/confirmation/kd/seed_17835/result.json
16,kd,17837,0.0,78.92226591428502,3.6601379327927277,/unify/ydchen/unidit/bioreg_meeting_20260803_final/results/ssr_cosmos_lowrank_geometry_r16_1node_20260906_r1_cub_lowrank_fixedkd_geometry_v1/rank_16/confirmation/kd/seed_17837/result.json
16,kd,17839,0.0,79.28347544690988,3.3064958014221117,/unify/ydchen/unidit/bioreg_meeting_20260803_final/results/ssr_cosmos_lowrank_geometry_r16_1node_20260906_r1_cub_lowrank_fixedkd_geometry_v1/rank_16/confirmation/kd/seed_17839/result.json
16,kd,17841,0.0,79.33644906187872,3.404528845601443,/unify/ydchen/unidit/bioreg_meeting_20260803_final/results/ssr_cosmos_lowrank_geometry_r16_1node_20260906_r1_cub_lowrank_fixedkd_geometry_v1/rank_16/confirmation/kd/seed_17841/result.json
16,kd,17843,0.0,78.96187766963851,3.4123062457935434,/unify/ydchen/unidit/bioreg_meeting_20260803_final/results/ssr_cosmos_lowrank_geometry_r16_1node_20260906_r1_cub_lowrank_fixedkd_geometry_v1/rank_16/confirmation/kd/seed_17843/result.json
16,kd,17845,0.0,79.36553105870857,3.290103228681904,/unify/ydchen/unidit/bioreg_meeting_20260803_final/results/ssr_cosmos_lowrank_geometry_r16_1node_20260906_r1_cub_lowrank_fixedkd_geometry_v1/rank_16/confirmation/kd/seed_17845/result.json
16,kd,17847,0.0,79.08117934550711,3.438199763760239,/unify/ydchen/unidit/bioreg_meeting_20260803_final/results/ssr_cosmos_lowrank_geometry_r16_1node_20260906_r1_cub_lowrank_fixedkd_geometry_v1/rank_16/confirmation/kd/seed_17847/result.json
16,kd,17849,0.0,79.01704501632287,3.7317458514612794,/unify/ydchen/unidit/bioreg_meeting_20260803_final/results/ssr_cosmos_lowrank_geometry_r16_1node_20260906_r1_cub_lowrank_fixedkd_geometry_v1/rank_16/confirmation/kd/seed_17849/result.json
16,kd_ssr,17831,0.5,79.87544226002119,2.743416141170778,/unify/ydchen/unidit/bioreg_meeting_20260803_final/results/ssr_cosmos_lowrank_geometry_r16_1node_20260906_r1_cub_lowrank_fixedkd_geometry_v1/rank_16/confirmation/kd_ssr/seed_17831/result.json
16,kd_ssr,17833,0.5,80.25027194329635,2.596510355852291,/unify/ydchen/unidit/bioreg_meeting_20260803_final/results/ssr_cosmos_lowrank_geometry_r16_1node_20260906_r1_cub_lowrank_fixedkd_geometry_v1/rank_16/confirmation/kd_ssr/seed_17833/result.json
16,kd_ssr,17835,0.5,79.71116108628446,2.758803976655549,/unify/ydchen/unidit/bioreg_meeting_20260803_final/results/ssr_cosmos_lowrank_geometry_r16_1node_20260906_r1_cub_lowrank_fixedkd_geometry_v1/rank_16/confirmation/kd_ssr/seed_17835/result.json
16,kd_ssr,17837,0.5,80.05727947630425,2.5876359744207575,/unify/ydchen/unidit/bioreg_meeting_20260803_final/results/ssr_cosmos_lowrank_geometry_r16_1node_20260906_r1_cub_lowrank_fixedkd_geometry_v1/rank_16/confirmation/kd_ssr/seed_17837/result.json
16,kd_ssr,17839,0.5,79.82369973340865,3.0729030549229215,/unify/ydchen/unidit/bioreg_meeting_20260803_final/results/ssr_cosmos_lowrank_geometry_r16_1node_20260906_r1_cub_lowrank_fixedkd_geometry_v1/rank_16/confirmation/kd_ssr/seed_17839/result.json
16,kd_ssr,17841,0.5,79.6216161281579,2.9896540055625835,/unify/ydchen/unidit/bioreg_meeting_20260803_final/results/ssr_cosmos_lowrank_geometry_r16_1node_20260906_r1_cub_lowrank_fixedkd_geometry_v1/rank_16/confirmation/kd_ssr/seed_17841/result.json
16,kd_ssr,17843,0.5,79.64928873737298,3.031399193611169,/unify/ydchen/unidit/bioreg_meeting_20260803_final/results/ssr_cosmos_lowrank_geometry_r16_1node_20260906_r1_cub_lowrank_fixedkd_geometry_v1/rank_16/confirmation/kd_ssr/seed_17843/result.json
16,kd_ssr,17845,0.5,80.234240053046,2.4820761082604568,/unify/ydchen/unidit/bioreg_meeting_20260803_final/results/ssr_cosmos_lowrank_geometry_r16_1node_20260906_r1_cub_lowrank_fixedkd_geometry_v1/rank_16/confirmation/kd_ssr/seed_17845/result.json
16,kd_ssr,17847,0.5,80.01938699216937,2.798557909807779,/unify/ydchen/unidit/bioreg_meeting_20260803_final/results/ssr_cosmos_lowrank_geometry_r16_1node_20260906_r1_cub_lowrank_fixedkd_geometry_v1/rank_16/confirmation/kd_ssr/seed_17847/result.json
16,kd_ssr,17849,0.5,80.0253956523277,2.835426949770106,/unify/ydchen/unidit/bioreg_meeting_20260803_final/results/ssr_cosmos_lowrank_geometry_r16_1node_20260906_r1_cub_lowrank_fixedkd_geometry_v1/rank_16/confirmation/kd_ssr/seed_17849/result.json
16,kd_orthogonal,17831,0.01,79.4675307874133,3.4234393956958002,/unify/ydchen/unidit/bioreg_meeting_20260803_final/results/ssr_cosmos_lowrank_geometry_r16_1node_20260906_r1_cub_lowrank_fixedkd_geometry_v1/rank_16/confirmation/kd_orthogonal/seed_17831/result.json
16,kd_orthogonal,17833,0.01,79.26975289420753,3.121006977538476,/unify/ydchen/unidit/bioreg_meeting_20260803_final/results/ssr_cosmos_lowrank_geometry_r16_1node_20260906_r1_cub_lowrank_fixedkd_geometry_v1/rank_16/confirmation/kd_orthogonal/seed_17833/result.json
16,kd_orthogonal,17835,0.01,78.90389385066356,3.7056966917197416,/unify/ydchen/unidit/bioreg_meeting_20260803_final/results/ssr_cosmos_lowrank_geometry_r16_1node_20260906_r1_cub_lowrank_fixedkd_geometry_v1/rank_16/confirmation/kd_orthogonal/seed_17835/result.json
16,kd_orthogonal,17837,0.01,79.19189076974686,3.4568042688715543,/unify/ydchen/unidit/bioreg_meeting_20260803_final/results/ssr_cosmos_lowrank_geometry_r16_1node_20260906_r1_cub_lowrank_fixedkd_geometry_v1/rank_16/confirmation/kd_orthogonal/seed_17837/result.json
16,kd_orthogonal,17839,0.01,78.89640734983136,3.7089966070346954,/unify/ydchen/unidit/bioreg_meeting_20260803_final/results/ssr_cosmos_lowrank_geometry_r16_1node_20260906_r1_cub_lowrank_fixedkd_geometry_v1/rank_16/confirmation/kd_orthogonal/seed_17839/result.json
16,kd_orthogonal,17841,0.01,79.0968139321819,3.4120063258595477,/unify/ydchen/unidit/bioreg_meeting_20260803_final/results/ssr_cosmos_lowrank_geometry_r16_1node_20260906_r1_cub_lowrank_fixedkd_geometry_v1/rank_16/confirmation/kd_orthogonal/seed_17841/result.json
16,kd_orthogonal,17843,0.01,79.46038161311725,2.9736854576343767,/unify/ydchen/unidit/bioreg_meeting_20260803_final/results/ssr_cosmos_lowrank_geometry_r16_1node_20260906_r1_cub_lowrank_fixedkd_geometry_v1/rank_16/confirmation/kd_orthogonal/seed_17843/result.json
16,kd_orthogonal,17845,0.01,79.24973204359374,3.552349995094062,/unify/ydchen/unidit/bioreg_meeting_20260803_final/results/ssr_cosmos_lowrank_geometry_r16_1node_20260906_r1_cub_lowrank_fixedkd_geometry_v1/rank_16/confirmation/kd_orthogonal/seed_17845/result.json
16,kd_orthogonal,17847,0.01,79.11553825069257,3.6497947639614936,/unify/ydchen/unidit/bioreg_meeting_20260803_final/results/ssr_cosmos_lowrank_geometry_r16_1node_20260906_r1_cub_lowrank_fixedkd_geometry_v1/rank_16/confirmation/kd_orthogonal/seed_17847/result.json
16,kd_orthogonal,17849,0.01,79.70433447180775,3.078896680506072,/unify/ydchen/unidit/bioreg_meeting_20260803_final/results/ssr_cosmos_lowrank_geometry_r16_1node_20260906_r1_cub_lowrank_fixedkd_geometry_v1/rank_16/confirmation/kd_orthogonal/seed_17849/result.json
16,kd_protodecor,17831,0.01,79.62925802885073,3.2896054609630028,/unify/ydchen/unidit/bioreg_meeting_20260803_final/results/ssr_cosmos_lowrank_geometry_r16_1node_20260906_r1_cub_lowrank_fixedkd_geometry_v1/rank_16/confirmation/kd_protodecor/seed_17831/result.json
16,kd_protodecor,17833,0.01,79.44303348386853,3.148987057124583,/unify/ydchen/unidit/bioreg_meeting_20260803_final/results/ssr_cosmos_lowrank_geometry_r16_1node_20260906_r1_cub_lowrank_fixedkd_geometry_v1/rank_16/confirmation/kd_protodecor/seed_17833/result.json
16,kd_protodecor,17835,0.01,78.81456644319744,3.8386792093817825,/unify/ydchen/unidit/bioreg_meeting_20260803_final/results/ssr_cosmos_lowrank_geometry_r16_1node_20260906_r1_cub_lowrank_fixedkd_geometry_v1/rank_16/confirmation/kd_protodecor/seed_17835/result.json
16,kd_protodecor,17837,0.01,79.26982498397982,3.3413514196484386,/unify/ydchen/unidit/bioreg_meeting_20260803_final/results/ssr_cosmos_lowrank_geometry_r16_1node_20260906_r1_cub_lowrank_fixedkd_geometry_v1/rank_16/confirmation/kd_protodecor/seed_17837/result.json
16,kd_protodecor,17839,0.01,79.07005022716046,3.6695234881920302,/unify/ydchen/unidit/bioreg_meeting_20260803_final/results/ssr_cosmos_lowrank_geometry_r16_1node_20260906_r1_cub_lowrank_fixedkd_geometry_v1/rank_16/confirmation/kd_protodecor/seed_17839/result.json
16,kd_protodecor,17841,0.01,78.93054612882273,3.661254938630026,/unify/ydchen/unidit/bioreg_meeting_20260803_final/results/ssr_cosmos_lowrank_geometry_r16_1node_20260906_r1_cub_lowrank_fixedkd_geometry_v1/rank_16/confirmation/kd_protodecor/seed_17841/result.json
16,kd_protodecor,17843,0.01,79.02645872262215,3.482769252868744,/unify/ydchen/unidit/bioreg_meeting_20260803_final/results/ssr_cosmos_lowrank_geometry_r16_1node_20260906_r1_cub_lowrank_fixedkd_geometry_v1/rank_16/confirmation/kd_protodecor/seed_17843/result.json
16,kd_protodecor,17845,0.01,79.28893844468416,3.4533009072183796,/unify/ydchen/unidit/bioreg_meeting_20260803_final/results/ssr_cosmos_lowrank_geometry_r16_1node_20260906_r1_cub_lowrank_fixedkd_geometry_v1/rank_16/confirmation/kd_protodecor/seed_17845/result.json
16,kd_protodecor,17847,0.01,79.18169570910149,3.5839133383605044,/unify/ydchen/unidit/bioreg_meeting_20260803_final/results/ssr_cosmos_lowrank_geometry_r16_1node_20260906_r1_cub_lowrank_fixedkd_geometry_v1/rank_16/confirmation/kd_protodecor/seed_17847/result.json
16,kd_protodecor,17849,0.01,79.55767675727985,3.124177238616866,/unify/ydchen/unidit/bioreg_meeting_20260803_final/results/ssr_cosmos_lowrank_geometry_r16_1node_20260906_r1_cub_lowrank_fixedkd_geometry_v1/rank_16/confirmation/kd_protodecor/seed_17849/result.json
16,kd_spectral,17831,0.001,79.44646956465776,2.9496399812820036,/unify/ydchen/unidit/bioreg_meeting_20260803_final/results/ssr_cosmos_lowrank_geometry_r16_1node_20260906_r1_cub_lowrank_fixedkd_geometry_v1/rank_16/confirmation/kd_spectral/seed_17831/result.json
16,kd_spectral,17833,0.001,79.3688949481188,2.88083980482001,/unify/ydchen/unidit/bioreg_meeting_20260803_final/results/ssr_cosmos_lowrank_geometry_r16_1node_20260906_r1_cub_lowrank_fixedkd_geometry_v1/rank_16/confirmation/kd_spectral/seed_17833/result.json
16,kd_spectral,17835,0.001,79.77746139163,3.006217226611352,/unify/ydchen/unidit/bioreg_meeting_20260803_final/results/ssr_cosmos_lowrank_geometry_r16_1node_20260906_r1_cub_lowrank_fixedkd_geometry_v1/rank_16/confirmation/kd_spectral/seed_17835/result.json
16,kd_spectral,17837,0.001,79.77812573462583,2.76388381309663,/unify/ydchen/unidit/bioreg_meeting_20260803_final/results/ssr_cosmos_lowrank_geometry_r16_1node_20260906_r1_cub_lowrank_fixedkd_geometry_v1/rank_16/confirmation/kd_spectral/seed_17837/result.json
16,kd_spectral,17839,0.001,79.28869610498539,3.7579033854093624,/unify/ydchen/unidit/bioreg_meeting_20260803_final/results/ssr_cosmos_lowrank_geometry_r16_1node_20260906_r1_cub_lowrank_fixedkd_geometry_v1/rank_16/confirmation/kd_spectral/seed_17839/result.json
16,kd_spectral,17841,0.001,79.14035889094386,3.4307203608468617,/unify/ydchen/unidit/bioreg_meeting_20260803_final/results/ssr_cosmos_lowrank_geometry_r16_1node_20260906_r1_cub_lowrank_fixedkd_geometry_v1/rank_16/confirmation/kd_spectral/seed_17841/result.json
16,kd_spectral,17843,0.001,79.20988052767053,3.4548860303599143,/unify/ydchen/unidit/bioreg_meeting_20260803_final/results/ssr_cosmos_lowrank_geometry_r16_1node_20260906_r1_cub_lowrank_fixedkd_geometry_v1/rank_16/confirmation/kd_spectral/seed_17843/result.json
16,kd_spectral,17845,0.001,79.16296716342075,3.281553881533414,/unify/ydchen/unidit/bioreg_meeting_20260803_final/results/ssr_cosmos_lowrank_geometry_r16_1node_20260906_r1_cub_lowrank_fixedkd_geometry_v1/rank_16/confirmation/kd_spectral/seed_17845/result.json
16,kd_spectral,17847,0.001,79.45084486610973,3.208878952959271,/unify/ydchen/unidit/bioreg_meeting_20260803_final/results/ssr_cosmos_lowrank_geometry_r16_1node_20260906_r1_cub_lowrank_fixedkd_geometry_v1/rank_16/confirmation/kd_spectral/seed_17847/result.json
16,kd_spectral,17849,0.001,79.53972394349196,3.0946257119107115,/unify/ydchen/unidit/bioreg_meeting_20260803_final/results/ssr_cosmos_lowrank_geometry_r16_1node_20260906_r1_cub_lowrank_fixedkd_geometry_v1/rank_16/confirmation/kd_spectral/seed_17849/result.json
