seed,arm,ssr_lambda,edits,immediate_efficacy_pct,immediate_locality_pct,immediate_rephrase_pct,history_efficacy_pct,pre_edit_output_consistency_pct,center_surround_contrast,kernel_alignment,effective_rank,source_sha256
14231,LoRA,0.0,1,100.0,0.0,0.0,100.0,18.766223080456257,-0.007571175795289621,-0.00834629213230593,5.85813922647919,19f7b2f2a59198322361c805ece5e17317a48b8c886b8b01961673c4d9b9e6b8
14231,LoRA,0.0,2,100.0,0.0,0.0,50.0,19.043099880218506,-0.005275623030943929,-0.007747146104000941,6.062110860432897,19f7b2f2a59198322361c805ece5e17317a48b8c886b8b01961673c4d9b9e6b8
14231,LoRA,0.0,5,100.0,0.0,60.0,20.0,19.156233966350555,-0.006151030505342143,-0.005568355047736466,6.489733982299056,19f7b2f2a59198322361c805ece5e17317a48b8c886b8b01961673c4d9b9e6b8
14231,LoRA,0.0,10,100.0,0.0,60.0,10.0,18.837964348495007,-0.00606094702379778,-0.005598328421391281,6.586388740156378,19f7b2f2a59198322361c805ece5e17317a48b8c886b8b01961673c4d9b9e6b8
14231,LoRA,0.0,25,100.0,0.0,80.0,4.0,18.766577914357185,-0.00444350931918182,-0.005048651947228271,6.635699086955615,19f7b2f2a59198322361c805ece5e17317a48b8c886b8b01961673c4d9b9e6b8
14231,LoRA,0.0,50,86.0,2.0,66.0,2.0,18.781717494130135,-0.0026723805871629986,-0.0013361376047344364,6.842865310609341,19f7b2f2a59198322361c805ece5e17317a48b8c886b8b01961673c4d9b9e6b8
14231,LoRA,0.0,100,73.0,2.5,55.00000000000001,1.0,18.76671612262726,-0.003239523500919209,0.0010257911536817638,6.973560211913926,19f7b2f2a59198322361c805ece5e17317a48b8c886b8b01961673c4d9b9e6b8
14231,LoRA,0.0,250,55.2,1.2,38.0,0.78125,18.767866119742393,-0.00597721726470419,-0.006834910741807627,7.088485299476555,19f7b2f2a59198322361c805ece5e17317a48b8c886b8b01961673c4d9b9e6b8
14232,LoRA,0.0,1,100.0,0.0,100.0,100.0,20.651691034436226,-0.00774482495918554,-0.006859830675141764,6.400840574077197,92cc6829b4f00e1b3acde25fe40bce2987b61967ba348cd8a067d5940ebab539
14232,LoRA,0.0,2,100.0,0.0,50.0,50.0,20.66708318889141,-0.0020124164802837186,-0.0006061840504116844,6.438401991767543,92cc6829b4f00e1b3acde25fe40bce2987b61967ba348cd8a067d5940ebab539
14232,LoRA,0.0,5,100.0,0.0,80.0,20.0,20.65313272178173,-0.0017329499408203577,-0.0006002787582214558,6.393063526068415,92cc6829b4f00e1b3acde25fe40bce2987b61967ba348cd8a067d5940ebab539
14232,LoRA,0.0,10,90.0,0.0,80.0,0.0,20.651685260236263,-0.002135876892030605,-0.000782743998375476,6.562499295920134,92cc6829b4f00e1b3acde25fe40bce2987b61967ba348cd8a067d5940ebab539
14232,LoRA,0.0,25,72.0,0.0,56.00000000000001,4.0,20.585103146731853,-0.004374883938323494,-0.0042209553394059185,6.727030910019364,92cc6829b4f00e1b3acde25fe40bce2987b61967ba348cd8a067d5940ebab539
14232,LoRA,0.0,50,72.0,0.0,44.0,2.0,19.01610605418682,-0.00448348152037527,-0.004942633000609931,6.872640419219222,92cc6829b4f00e1b3acde25fe40bce2987b61967ba348cd8a067d5940ebab539
14232,LoRA,0.0,100,60.0,0.0,37.0,1.0,20.869516767561436,-0.0019792928693017787,0.0007448514412057453,6.960220292210579,92cc6829b4f00e1b3acde25fe40bce2987b61967ba348cd8a067d5940ebab539
14232,LoRA,0.0,250,51.6,0.8,39.2,0.78125,25.88148694485426,-0.0057715042078468415,-0.005558330003363413,7.002224816807678,92cc6829b4f00e1b3acde25fe40bce2987b61967ba348cd8a067d5940ebab539
14233,LoRA,0.0,1,100.0,0.0,0.0,100.0,19.17897406965494,-0.0013075736715109088,-0.0025295654330485763,6.309378949659211,202311291e2c9363cb7ee35c0d864a24fa1820e0d8836dd0bd74498da616323a
14233,LoRA,0.0,2,100.0,0.0,50.0,50.0,19.265920110046864,-0.005042408398626971,-0.004732868444664616,6.411492507372584,202311291e2c9363cb7ee35c0d864a24fa1820e0d8836dd0bd74498da616323a
14233,LoRA,0.0,5,100.0,0.0,80.0,20.0,19.23961117863655,-0.004634369123128376,-0.0026350067286914835,6.501783549785614,202311291e2c9363cb7ee35c0d864a24fa1820e0d8836dd0bd74498da616323a
14233,LoRA,0.0,10,100.0,0.0,70.0,10.0,19.239438697695732,-0.005744708180697801,-0.004036093323260761,6.705859673874719,202311291e2c9363cb7ee35c0d864a24fa1820e0d8836dd0bd74498da616323a
14233,LoRA,0.0,25,84.0,0.0,52.0,4.0,19.239438697695732,-0.004298142771793729,-0.0026431624126936576,6.9749839795487265,202311291e2c9363cb7ee35c0d864a24fa1820e0d8836dd0bd74498da616323a
14233,LoRA,0.0,50,72.0,2.0,42.0,2.0,19.343767501413822,-0.0032604385300406386,-0.0011852315947180614,7.086983993649483,202311291e2c9363cb7ee35c0d864a24fa1820e0d8836dd0bd74498da616323a
14233,LoRA,0.0,100,64.0,1.0,32.0,2.0,27.688539773225784,-0.0013692667112731474,0.0006345190036621978,7.223717999245439,202311291e2c9363cb7ee35c0d864a24fa1820e0d8836dd0bd74498da616323a
14233,LoRA,0.0,250,54.800000000000004,0.6,30.8,0.0,19.73848771303892,-0.004247548921349724,-0.006164089219250205,7.261676260403224,202311291e2c9363cb7ee35c0d864a24fa1820e0d8836dd0bd74498da616323a
14234,LoRA,0.0,1,100.0,0.0,100.0,100.0,19.42888293415308,-0.005735195919571977,-0.006369036363529241,6.24570760343756,76ef3eacea6c09f477ab096ad8452f52063f1e6d805d73a0bbb6008781525140
14234,LoRA,0.0,2,100.0,0.0,100.0,50.0,19.428827241063118,-0.005601086732765128,-0.003924051439493529,6.220011958054133,76ef3eacea6c09f477ab096ad8452f52063f1e6d805d73a0bbb6008781525140
14234,LoRA,0.0,5,100.0,0.0,100.0,20.0,19.428827613592148,0.0006792597113027502,0.004183657484515737,6.374382870537894,76ef3eacea6c09f477ab096ad8452f52063f1e6d805d73a0bbb6008781525140
14234,LoRA,0.0,10,100.0,0.0,100.0,10.0,19.437415339052677,-0.00026884349426836696,-0.0014656121194483213,6.582150482705661,76ef3eacea6c09f477ab096ad8452f52063f1e6d805d73a0bbb6008781525140
14234,LoRA,0.0,25,84.0,0.0,72.0,4.0,20.19995655864477,-0.0007518255094640024,-0.0006336632733499366,6.913203967469079,76ef3eacea6c09f477ab096ad8452f52063f1e6d805d73a0bbb6008781525140
14234,LoRA,0.0,50,76.0,0.0,54.0,2.0,19.434012845158577,-0.00479285484990604,-0.004990243344114528,7.031509443053177,76ef3eacea6c09f477ab096ad8452f52063f1e6d805d73a0bbb6008781525140
14234,LoRA,0.0,100,76.0,0.0,47.0,0.0,19.503483921289444,-0.0023695495661481152,-0.0020948101696376398,7.166741008205073,76ef3eacea6c09f477ab096ad8452f52063f1e6d805d73a0bbb6008781525140
14234,LoRA,0.0,250,55.2,0.0,31.6,0.0,19.435210898518562,-0.002706363018140629,-0.0037701962771409725,7.21144600212574,76ef3eacea6c09f477ab096ad8452f52063f1e6d805d73a0bbb6008781525140
14235,LoRA,0.0,1,100.0,0.0,0.0,100.0,22.402630746364594,-0.008487853720777951,-0.009467369582596672,6.42713625729084,3dd464928cda5f15b15305238e07a9955a825aee66adc98c017da3c9f7ee70a8
14235,LoRA,0.0,2,100.0,0.0,50.0,50.0,20.55346965789795,-0.004799703330978186,-0.003951227598528411,6.327970568622861,3dd464928cda5f15b15305238e07a9955a825aee66adc98c017da3c9f7ee70a8
14235,LoRA,0.0,5,100.0,0.0,40.0,20.0,20.95121070742607,-0.009455729659488757,-0.010908472867023582,6.60083346920354,3dd464928cda5f15b15305238e07a9955a825aee66adc98c017da3c9f7ee70a8
14235,LoRA,0.0,10,70.0,0.0,40.0,0.0,20.952776074409485,-0.0045586339989053416,-0.0027053809114607114,6.708119974604674,3dd464928cda5f15b15305238e07a9955a825aee66adc98c017da3c9f7ee70a8
14235,LoRA,0.0,25,60.0,0.0,48.0,0.0,21.00932840257883,-0.0025569485161603166,0.0021584564035167985,6.764813478503909,3dd464928cda5f15b15305238e07a9955a825aee66adc98c017da3c9f7ee70a8
14235,LoRA,0.0,50,60.0,0.0,48.0,0.0,28.79714872688055,-0.003730467173487081,0.0012086568075184395,6.943430495049272,3dd464928cda5f15b15305238e07a9955a825aee66adc98c017da3c9f7ee70a8
14235,LoRA,0.0,100,54.0,0.0,45.0,1.0,25.054041296243668,-0.005223997876393176,0.00024750019708465404,6.93201552757195,3dd464928cda5f15b15305238e07a9955a825aee66adc98c017da3c9f7ee70a8
14235,LoRA,0.0,250,40.400000000000006,1.2,32.4,0.0,20.97676508128643,-0.005910899404625525,-0.0024767755142290427,7.0782453162329535,3dd464928cda5f15b15305238e07a9955a825aee66adc98c017da3c9f7ee70a8
14236,LoRA,0.0,1,100.0,0.0,0.0,100.0,18.24493557214737,-0.007308607871112014,-0.008296022585584848,6.1479321750147005,3ecd2db0f9c86f2ed5c95901e024ab8c1b2a17d4d40ad7e0b7d9aeee68f962ec
14236,LoRA,0.0,2,100.0,0.0,50.0,50.0,17.836223542690277,-0.005516383233563309,-0.00610697555940273,6.158203122871263,3ecd2db0f9c86f2ed5c95901e024ab8c1b2a17d4d40ad7e0b7d9aeee68f962ec
14236,LoRA,0.0,5,60.0,0.0,40.0,0.0,29.926753416657448,-0.00237378318420919,-0.0039198950962194045,6.259193209665162,3ecd2db0f9c86f2ed5c95901e024ab8c1b2a17d4d40ad7e0b7d9aeee68f962ec
14236,LoRA,0.0,10,80.0,0.0,50.0,10.0,17.82541498541832,-0.0009197670847892628,-0.0008390589454003411,6.459447464772633,3ecd2db0f9c86f2ed5c95901e024ab8c1b2a17d4d40ad7e0b7d9aeee68f962ec
14236,LoRA,0.0,25,64.0,0.0,56.00000000000001,8.0,17.82541498541832,-0.0022142751570624697,-0.0014724920842062211,6.8394013079149385,3ecd2db0f9c86f2ed5c95901e024ab8c1b2a17d4d40ad7e0b7d9aeee68f962ec
14236,LoRA,0.0,50,68.0,0.0,60.0,2.0,32.98355061560869,-0.0037768847947258367,-0.003512899202697944,7.024977774492331,3ecd2db0f9c86f2ed5c95901e024ab8c1b2a17d4d40ad7e0b7d9aeee68f962ec
14236,LoRA,0.0,100,74.0,0.0,53.0,0.0,17.891347222030163,-0.005652333138901408,-0.004668218824268219,7.125496493918555,3ecd2db0f9c86f2ed5c95901e024ab8c1b2a17d4d40ad7e0b7d9aeee68f962ec
14236,LoRA,0.0,250,63.6,0.2,47.199999999999996,0.78125,18.1389220058918,-0.004898505720900306,-0.00646782846784585,7.1276175406362325,3ecd2db0f9c86f2ed5c95901e024ab8c1b2a17d4d40ad7e0b7d9aeee68f962ec
14237,LoRA,0.0,1,100.0,0.0,100.0,100.0,22.618279792368412,-0.00482335794159943,-0.005893794033779288,6.120752741183553,0d29973fd01aadc4df444f71f795927c93367253bb86b278b6c933fed8ff62bb
14237,LoRA,0.0,2,100.0,0.0,50.0,50.0,22.536463849246502,-0.005222577679887763,-0.004606981733949007,6.278582543134689,0d29973fd01aadc4df444f71f795927c93367253bb86b278b6c933fed8ff62bb
14237,LoRA,0.0,5,100.0,0.0,80.0,40.0,22.535965777933598,-0.005372167116937427,-0.0026221410945644103,6.525885318006788,0d29973fd01aadc4df444f71f795927c93367253bb86b278b6c933fed8ff62bb
14237,LoRA,0.0,10,90.0,0.0,60.0,10.0,22.67202101647854,-0.00016235057410085563,-0.00014149064892470583,6.563274913600512,0d29973fd01aadc4df444f71f795927c93367253bb86b278b6c933fed8ff62bb
14237,LoRA,0.0,25,76.0,0.0,40.0,0.0,22.540117613971233,-0.004870341276858069,-0.0053553635069485085,6.876468628644943,0d29973fd01aadc4df444f71f795927c93367253bb86b278b6c933fed8ff62bb
14237,LoRA,0.0,50,68.0,0.0,42.0,2.0,22.68927861005068,-0.0026703605295291966,-0.0033125970497037216,7.059021316468716,0d29973fd01aadc4df444f71f795927c93367253bb86b278b6c933fed8ff62bb
14237,LoRA,0.0,100,62.0,0.0,40.0,0.0,22.872339375317097,-0.005387342550550654,-0.005541727555932344,7.122793427535466,0d29973fd01aadc4df444f71f795927c93367253bb86b278b6c933fed8ff62bb
14237,LoRA,0.0,250,54.0,0.2,32.4,0.78125,22.45919518172741,-0.0032898407241321237,-0.003869218548061326,7.285824717155524,0d29973fd01aadc4df444f71f795927c93367253bb86b278b6c933fed8ff62bb
14238,LoRA,0.0,1,100.0,0.0,100.0,100.0,18.328250013291836,-0.004761904611119202,-0.004718519457388278,6.237665866102491,03d035a30a4a90db55fa7b2ee4601290599b43a2609262c0a89179f64ba740c2
14238,LoRA,0.0,2,100.0,0.0,100.0,50.0,18.335319869220257,-0.0022139234674146534,-0.0015638369800236823,6.336507549243314,03d035a30a4a90db55fa7b2ee4601290599b43a2609262c0a89179f64ba740c2
14238,LoRA,0.0,5,100.0,0.0,100.0,20.0,18.505779281258583,-0.0016163582227558696,-0.000701256149341134,6.574786222406796,03d035a30a4a90db55fa7b2ee4601290599b43a2609262c0a89179f64ba740c2
14238,LoRA,0.0,10,100.0,0.0,80.0,10.0,22.06492554396391,-0.007116274986141694,-0.008639474881420028,6.713679578687463,03d035a30a4a90db55fa7b2ee4601290599b43a2609262c0a89179f64ba740c2
14238,LoRA,0.0,25,92.0,0.0,64.0,0.0,18.346286565065384,-0.0026851119255297817,-0.0007996489762263082,6.832510967339788,03d035a30a4a90db55fa7b2ee4601290599b43a2609262c0a89179f64ba740c2
14238,LoRA,0.0,50,72.0,2.0,42.0,0.0,25.498245656490326,-0.003744643282386408,-0.0007296209187188651,6.963712436812265,03d035a30a4a90db55fa7b2ee4601290599b43a2609262c0a89179f64ba740c2
14238,LoRA,0.0,100,69.0,1.0,41.0,3.0,19.50977984815836,-0.005776231865768621,-0.004139830129913338,7.02884917812688,03d035a30a4a90db55fa7b2ee4601290599b43a2609262c0a89179f64ba740c2
14238,LoRA,0.0,250,60.4,0.6,37.2,0.78125,18.38921122252941,-0.0054403667070021455,-0.0011593265856260715,7.084546656480857,03d035a30a4a90db55fa7b2ee4601290599b43a2609262c0a89179f64ba740c2
14239,LoRA,0.0,1,100.0,0.0,100.0,100.0,18.0580522865057,-0.009745528942793109,-0.008936089569033356,5.848275836024966,0054691857f3e7b62e5b94ac05dc5c2dbdaa41b60b6950e4c240e34fd4d2073b
14239,LoRA,0.0,2,100.0,0.0,100.0,50.0,18.0580522865057,-0.013064081457352066,-0.011062871534412417,6.082865472350802,0054691857f3e7b62e5b94ac05dc5c2dbdaa41b60b6950e4c240e34fd4d2073b
14239,LoRA,0.0,5,80.0,0.0,40.0,0.0,28.625277057290077,-0.006818752684401781,-0.0052341168619542645,6.328234889677592,0054691857f3e7b62e5b94ac05dc5c2dbdaa41b60b6950e4c240e34fd4d2073b
14239,LoRA,0.0,10,90.0,0.0,50.0,10.0,26.047956198453903,-0.006548391765266258,-0.005641253975422192,6.534167570727212,0054691857f3e7b62e5b94ac05dc5c2dbdaa41b60b6950e4c240e34fd4d2073b
14239,LoRA,0.0,25,80.0,2.0,44.0,4.0,18.063391931355,-0.0045131565405297025,-0.0001192222316603874,6.856562198272773,0054691857f3e7b62e5b94ac05dc5c2dbdaa41b60b6950e4c240e34fd4d2073b
14239,LoRA,0.0,50,76.0,1.0,52.0,2.0,18.07168759405613,-0.004431018649484031,-0.0019326518945490534,7.038836249283381,0054691857f3e7b62e5b94ac05dc5c2dbdaa41b60b6950e4c240e34fd4d2073b
14239,LoRA,0.0,100,75.0,1.5,49.0,1.0,31.299182027578354,-0.005102292788381289,-0.008454613999804548,7.081580912428243,0054691857f3e7b62e5b94ac05dc5c2dbdaa41b60b6950e4c240e34fd4d2073b
14239,LoRA,0.0,250,61.6,0.8,42.4,0.0,28.563491813838482,-0.006693950802270723,-0.005755422024646708,7.130050130188465,0054691857f3e7b62e5b94ac05dc5c2dbdaa41b60b6950e4c240e34fd4d2073b
14240,LoRA,0.0,1,100.0,0.0,0.0,100.0,20.427927188575268,-0.002114095739671029,-0.0043160457748204605,6.411998474172183,50e6ff18401d5cc81409de5e3af93a7237591e9149565a57c03ef8c4c1258cea
14240,LoRA,0.0,2,100.0,0.0,50.0,50.0,16.55581258237362,-0.0006167549997501607,1.0625626340957507e-05,6.294487927641187,50e6ff18401d5cc81409de5e3af93a7237591e9149565a57c03ef8c4c1258cea
14240,LoRA,0.0,5,80.0,0.0,60.0,0.0,17.95583236962557,-2.7829658522802742e-05,-0.0017211642001971734,6.564481855503151,50e6ff18401d5cc81409de5e3af93a7237591e9149565a57c03ef8c4c1258cea
14240,LoRA,0.0,10,80.0,5.0,60.0,10.0,16.404216922819614,-0.002103814396832604,-0.005162240166750313,6.802878866238253,50e6ff18401d5cc81409de5e3af93a7237591e9149565a57c03ef8c4c1258cea
14240,LoRA,0.0,25,88.0,2.0,48.0,4.0,15.916017442941666,-0.002767639236740901,-0.004461504983672577,7.013395768191133,50e6ff18401d5cc81409de5e3af93a7237591e9149565a57c03ef8c4c1258cea
14240,LoRA,0.0,50,76.0,1.0,50.0,2.0,16.55581332743168,-0.0034941841955255116,-0.0062040782252422225,7.127305007406643,50e6ff18401d5cc81409de5e3af93a7237591e9149565a57c03ef8c4c1258cea
14240,LoRA,0.0,100,63.0,0.5,46.0,1.0,16.556636430323124,-0.0033844585902573143,-0.004581929828418652,7.1543222804154665,50e6ff18401d5cc81409de5e3af93a7237591e9149565a57c03ef8c4c1258cea
14240,LoRA,0.0,250,57.599999999999994,0.6,44.800000000000004,0.0,28.56841031461954,-0.0065540948240335895,-0.008115407936449921,7.190067586089883,50e6ff18401d5cc81409de5e3af93a7237591e9149565a57c03ef8c4c1258cea
14231,LoRA+SSR,0.03,1,100.0,0.0,0.0,100.0,18.76627542078495,0.018719062774575183,0.027350930602031958,5.858141573412078,d0aa3f301ac5f6e792804ee3f0543214d03f01b65bf2998032da65fa3c7cde7e
14231,LoRA+SSR,0.03,2,100.0,0.0,0.0,50.0,18.766777403652668,0.03768297966702708,0.06073255065140464,6.014440534370286,d0aa3f301ac5f6e792804ee3f0543214d03f01b65bf2998032da65fa3c7cde7e
14231,LoRA+SSR,0.03,5,100.0,0.0,20.0,20.0,18.766212090849876,0.08278372482995369,0.13859249798614265,6.397308214434555,d0aa3f301ac5f6e792804ee3f0543214d03f01b65bf2998032da65fa3c7cde7e
14231,LoRA+SSR,0.03,10,100.0,0.0,40.0,10.0,18.89682449400425,0.1253234393162919,0.22729936787592514,6.63711991161108,d0aa3f301ac5f6e792804ee3f0543214d03f01b65bf2998032da65fa3c7cde7e
14231,LoRA+SSR,0.03,25,92.0,0.0,56.00000000000001,4.0,19.694202579557896,0.2589789261110127,0.4809672312944063,6.844445108303002,d0aa3f301ac5f6e792804ee3f0543214d03f01b65bf2998032da65fa3c7cde7e
14231,LoRA+SSR,0.03,50,92.0,1.0,56.00000000000001,2.0,18.824815191328526,0.3436178406700492,0.6409308652260474,6.902434790773051,d0aa3f301ac5f6e792804ee3f0543214d03f01b65bf2998032da65fa3c7cde7e
14231,LoRA+SSR,0.03,100,88.0,0.5,51.0,1.0,18.766189739108086,0.36690084716039045,0.7056903620915753,7.020839170685836,d0aa3f301ac5f6e792804ee3f0543214d03f01b65bf2998032da65fa3c7cde7e
14231,LoRA+SSR,0.03,250,82.39999999999999,0.2,42.0,0.78125,18.766555935144424,0.3351032765848296,0.7104151087946126,7.167658250246729,d0aa3f301ac5f6e792804ee3f0543214d03f01b65bf2998032da65fa3c7cde7e
14232,LoRA+SSR,0.03,1,100.0,0.0,100.0,100.0,20.651628077030182,0.019384617110647793,0.03214829806139668,6.40078986968313,f1eef3a5b4f584ea1134863f91b60ffcae7536ae2d4cccd1894638d2e017681e
14232,LoRA+SSR,0.03,2,100.0,0.0,100.0,50.0,20.668651722371578,0.03767429487613429,0.060109779138916304,6.362062553209918,f1eef3a5b4f584ea1134863f91b60ffcae7536ae2d4cccd1894638d2e017681e
14232,LoRA+SSR,0.03,5,80.0,0.0,80.0,20.0,20.66539768129587,0.07984979878944744,0.13520334552906985,6.5732661581465175,f1eef3a5b4f584ea1134863f91b60ffcae7536ae2d4cccd1894638d2e017681e
14232,LoRA+SSR,0.03,10,80.0,0.0,70.0,10.0,20.71989979594946,0.14492849140827144,0.25988542794116903,6.724012665450573,f1eef3a5b4f584ea1134863f91b60ffcae7536ae2d4cccd1894638d2e017681e
14232,LoRA+SSR,0.03,25,80.0,0.0,56.00000000000001,4.0,20.68780977278948,0.24961196285273346,0.4636872043567044,6.85562788695097,f1eef3a5b4f584ea1134863f91b60ffcae7536ae2d4cccd1894638d2e017681e
14232,LoRA+SSR,0.03,50,78.0,0.0,54.0,2.0,20.393631793558598,0.3310618271519031,0.6275110049173236,7.013057100985732,f1eef3a5b4f584ea1134863f91b60ffcae7536ae2d4cccd1894638d2e017681e
14232,LoRA+SSR,0.03,100,67.0,0.0,44.0,0.0,20.882338099181652,0.3663219196189727,0.706250674889556,7.007000392036779,f1eef3a5b4f584ea1134863f91b60ffcae7536ae2d4cccd1894638d2e017681e
14232,LoRA+SSR,0.03,250,64.0,0.8,37.6,0.78125,21.476679109036922,0.3314909893753273,0.7070402976657663,7.047954311328275,f1eef3a5b4f584ea1134863f91b60ffcae7536ae2d4cccd1894638d2e017681e
14233,LoRA+SSR,0.03,1,100.0,0.0,0.0,100.0,19.189569726586342,0.02667027266163911,0.03844157651993945,6.309494448559625,6cd6f0da9bbdfbaca352124bf71a2e857feb8bed54b72185fe81f0d71265e076
14233,LoRA+SSR,0.03,2,100.0,0.0,50.0,50.0,19.24534235149622,0.04162683279719204,0.06739417508028314,6.402830168604851,6cd6f0da9bbdfbaca352124bf71a2e857feb8bed54b72185fe81f0d71265e076
14233,LoRA+SSR,0.03,5,100.0,0.0,60.0,20.0,19.246317073702812,0.08172205057261245,0.14035636801937862,6.672265953251293,6cd6f0da9bbdfbaca352124bf71a2e857feb8bed54b72185fe81f0d71265e076
14233,LoRA+SSR,0.03,10,100.0,0.0,70.0,10.0,19.23987753689289,0.13506612762077047,0.2463168485888413,6.7827261090278625,6cd6f0da9bbdfbaca352124bf71a2e857feb8bed54b72185fe81f0d71265e076
14233,LoRA+SSR,0.03,25,88.0,0.0,72.0,4.0,19.240722805261612,0.2541036647079246,0.4685232140389936,6.863574773073196,6cd6f0da9bbdfbaca352124bf71a2e857feb8bed54b72185fe81f0d71265e076
14233,LoRA+SSR,0.03,50,82.0,0.0,64.0,2.0,19.288763776421547,0.33123822257454905,0.6162083852770073,6.862703789557729,6cd6f0da9bbdfbaca352124bf71a2e857feb8bed54b72185fe81f0d71265e076
14233,LoRA+SSR,0.03,100,75.0,0.0,54.0,2.0,28.94980702549219,0.3635675965675286,0.7022835096078259,7.013507272515978,6cd6f0da9bbdfbaca352124bf71a2e857feb8bed54b72185fe81f0d71265e076
14233,LoRA+SSR,0.03,250,70.8,0.2,52.0,0.0,19.28932163864374,0.33243276963808704,0.709203840898616,7.087985111134393,6cd6f0da9bbdfbaca352124bf71a2e857feb8bed54b72185fe81f0d71265e076
14234,LoRA+SSR,0.03,1,100.0,0.0,100.0,100.0,19.428879395127296,0.02017742896922365,0.029392921077097914,6.245921326535089,7a74bafda5ab4a46099c2cce5b6cb37384eabc99acbf5cd4f3fa524e25d3fc21
14234,LoRA+SSR,0.03,2,100.0,0.0,100.0,50.0,19.428827241063118,0.03357166799417298,0.05385267140601562,6.198783716985157,7a74bafda5ab4a46099c2cce5b6cb37384eabc99acbf5cd4f3fa524e25d3fc21
14234,LoRA+SSR,0.03,5,100.0,0.0,100.0,20.0,19.4289593026042,0.06882173464899616,0.1196673543558323,6.462098062038422,7a74bafda5ab4a46099c2cce5b6cb37384eabc99acbf5cd4f3fa524e25d3fc21
14234,LoRA+SSR,0.03,10,100.0,0.0,90.0,10.0,19.429816119372845,0.1338343242782035,0.24468749553696917,6.687587338898863,7a74bafda5ab4a46099c2cce5b6cb37384eabc99acbf5cd4f3fa524e25d3fc21
14234,LoRA+SSR,0.03,25,76.0,0.0,60.0,4.0,19.554735906422138,0.24691910316635457,0.450990233104676,6.7335342190095355,7a74bafda5ab4a46099c2cce5b6cb37384eabc99acbf5cd4f3fa524e25d3fc21
14234,LoRA+SSR,0.03,50,78.0,0.0,52.0,2.0,19.428827241063118,0.33167601549731834,0.6189120379941804,6.919850921524422,7a74bafda5ab4a46099c2cce5b6cb37384eabc99acbf5cd4f3fa524e25d3fc21
14234,LoRA+SSR,0.03,100,79.0,1.0,48.0,0.0,19.592823833227158,0.36671878424073967,0.6975476445098008,6.9205356532973905,7a74bafda5ab4a46099c2cce5b6cb37384eabc99acbf5cd4f3fa524e25d3fc21
14234,LoRA+SSR,0.03,250,76.4,0.4,44.800000000000004,0.0,19.81076020747423,0.3250819650877799,0.6972555526133094,6.914965860545635,7a74bafda5ab4a46099c2cce5b6cb37384eabc99acbf5cd4f3fa524e25d3fc21
14235,LoRA+SSR,0.03,1,100.0,0.0,0.0,100.0,22.429566457867622,0.019339717167895287,0.031471162702863306,6.427160888910294,d4f8491fc17fea16bd3e0bae07601f27d7a6f2e80118acc127191009a0d1253c
14235,LoRA+SSR,0.03,2,100.0,0.0,50.0,50.0,20.456810295581818,0.039447692565902664,0.06434698879596518,6.300539508461952,d4f8491fc17fea16bd3e0bae07601f27d7a6f2e80118acc127191009a0d1253c
14235,LoRA+SSR,0.03,5,100.0,0.0,40.0,20.0,20.950321294367313,0.07988461412190061,0.1429387861280702,6.68918884226254,d4f8491fc17fea16bd3e0bae07601f27d7a6f2e80118acc127191009a0d1253c
14235,LoRA+SSR,0.03,10,80.0,0.0,30.0,10.0,21.01762890815735,0.13864050921984017,0.2503867444050099,6.715364181569644,d4f8491fc17fea16bd3e0bae07601f27d7a6f2e80118acc127191009a0d1253c
14235,LoRA+SSR,0.03,25,84.0,0.0,40.0,4.0,21.339069865643978,0.26158750110438894,0.49373167753219604,6.964421712926455,d4f8491fc17fea16bd3e0bae07601f27d7a6f2e80118acc127191009a0d1253c
14235,LoRA+SSR,0.03,50,86.0,0.0,40.0,0.0,21.666112542152405,0.3371108082522239,0.6492666093898671,7.149035375033106,d4f8491fc17fea16bd3e0bae07601f27d7a6f2e80118acc127191009a0d1253c
14235,LoRA+SSR,0.03,100,75.0,0.0,37.0,1.0,20.953492633998394,0.36546969240797417,0.7137801579332778,7.206279305475099,d4f8491fc17fea16bd3e0bae07601f27d7a6f2e80118acc127191009a0d1253c
14235,LoRA+SSR,0.03,250,70.8,0.2,35.199999999999996,0.78125,20.97416166216135,0.33114110425646814,0.7090487565313066,7.193502137703555,d4f8491fc17fea16bd3e0bae07601f27d7a6f2e80118acc127191009a0d1253c
14236,LoRA+SSR,0.03,1,100.0,0.0,100.0,100.0,18.24894528836012,0.018655728733782392,0.02738530494700951,6.147812073784215,a1fc319bc3df95242d10c5ca9c25019ad89f2425e309cb74e6e782f975f8d33c
14236,LoRA+SSR,0.03,2,100.0,0.0,50.0,50.0,16.78967885673046,0.040938247402664274,0.06028809688619471,6.120043982352529,a1fc319bc3df95242d10c5ca9c25019ad89f2425e309cb74e6e782f975f8d33c
14236,LoRA+SSR,0.03,5,80.0,0.0,40.0,0.0,19.56714764237404,0.08587428217288107,0.14452735266448663,6.517710832612855,a1fc319bc3df95242d10c5ca9c25019ad89f2425e309cb74e6e782f975f8d33c
14236,LoRA+SSR,0.03,10,80.0,0.0,60.0,10.0,17.82639343291521,0.13324334158096462,0.23918560857418925,6.597982420453003,a1fc319bc3df95242d10c5ca9c25019ad89f2425e309cb74e6e782f975f8d33c
14236,LoRA+SSR,0.03,25,72.0,0.0,48.0,4.0,17.825415171682835,0.2598577908772443,0.4797511459328234,6.845891031835761,a1fc319bc3df95242d10c5ca9c25019ad89f2425e309cb74e6e782f975f8d33c
14236,LoRA+SSR,0.03,50,72.0,0.0,50.0,0.0,25.034980475902557,0.3326974603613572,0.6257386777017797,6.979232155318771,a1fc319bc3df95242d10c5ca9c25019ad89f2425e309cb74e6e782f975f8d33c
14236,LoRA+SSR,0.03,100,62.0,0.0,44.0,0.0,18.02902091294527,0.35556627277817043,0.695099666182484,7.056121084839106,a1fc319bc3df95242d10c5ca9c25019ad89f2425e309cb74e6e782f975f8d33c
14236,LoRA+SSR,0.03,250,55.60000000000001,0.4,34.0,0.78125,17.837663739919662,0.33576452678867746,0.7161000202010785,7.241562043981893,a1fc319bc3df95242d10c5ca9c25019ad89f2425e309cb74e6e782f975f8d33c
14237,LoRA+SSR,0.03,1,100.0,0.0,100.0,100.0,22.60980699211359,0.02227859743288718,0.032322746460392536,6.120705157518387,cb763a0b95ee22472ac000bc2a580cf311b8c82813277d734cfbf6d2c6ae006c
14237,LoRA+SSR,0.03,2,100.0,0.0,100.0,50.0,22.54416812211275,0.03877427304853752,0.06572099199235838,6.319906913808413,cb763a0b95ee22472ac000bc2a580cf311b8c82813277d734cfbf6d2c6ae006c
14237,LoRA+SSR,0.03,5,100.0,0.0,100.0,20.0,22.5379241630435,0.0805398917457621,0.13381968593291407,6.32989514619112,cb763a0b95ee22472ac000bc2a580cf311b8c82813277d734cfbf6d2c6ae006c
14237,LoRA+SSR,0.03,10,90.0,0.0,70.0,10.0,22.535986080765724,0.14044620316209538,0.24403692249740871,6.608315736055374,cb763a0b95ee22472ac000bc2a580cf311b8c82813277d734cfbf6d2c6ae006c
14237,LoRA+SSR,0.03,25,80.0,0.0,56.00000000000001,0.0,22.58953396230936,0.2519371500904007,0.45912415334688766,6.759126017136233,cb763a0b95ee22472ac000bc2a580cf311b8c82813277d734cfbf6d2c6ae006c
14237,LoRA+SSR,0.03,50,78.0,1.0,56.00000000000001,2.0,22.549687139689922,0.3321433941434537,0.6243603822908231,6.91816888323852,cb763a0b95ee22472ac000bc2a580cf311b8c82813277d734cfbf6d2c6ae006c
14237,LoRA+SSR,0.03,100,73.0,0.5,44.0,1.0,23.369042947888374,0.37063853948244024,0.7082881778478622,6.996255288166659,cb763a0b95ee22472ac000bc2a580cf311b8c82813277d734cfbf6d2c6ae006c
14237,LoRA+SSR,0.03,250,75.2,0.2,42.4,0.78125,22.8632727637887,0.3330253765785268,0.7081828439342124,7.0928138462560515,cb763a0b95ee22472ac000bc2a580cf311b8c82813277d734cfbf6d2c6ae006c
14238,LoRA+SSR,0.03,1,100.0,0.0,100.0,100.0,18.328248523175716,0.020443005065317266,0.029538514765460735,6.237621903419495,cc582a73478e3c41591cc5455618a9d1cfa706acfe429343b5f996cf0dbf19fe
14238,LoRA+SSR,0.03,2,100.0,0.0,50.0,50.0,18.327479995787144,0.04001937487295695,0.064763757637203,6.20505911644016,cc582a73478e3c41591cc5455618a9d1cfa706acfe429343b5f996cf0dbf19fe
14238,LoRA+SSR,0.03,5,100.0,0.0,40.0,20.0,18.71148142963648,0.07828336670146589,0.12948437670846552,6.390025716807161,cc582a73478e3c41591cc5455618a9d1cfa706acfe429343b5f996cf0dbf19fe
14238,LoRA+SSR,0.03,10,100.0,0.0,40.0,10.0,22.922006994485855,0.12778880041358726,0.22198074349268737,6.576056578329631,cc582a73478e3c41591cc5455618a9d1cfa706acfe429343b5f996cf0dbf19fe
14238,LoRA+SSR,0.03,25,92.0,0.0,40.0,8.0,18.76088846474886,0.25495058324720177,0.4768705368041992,6.911636969872884,cc582a73478e3c41591cc5455618a9d1cfa706acfe429343b5f996cf0dbf19fe
14238,LoRA+SSR,0.03,50,84.0,1.0,44.0,0.0,24.946594052016735,0.34453799003469093,0.63790938125125,6.942215201045785,cc582a73478e3c41591cc5455618a9d1cfa706acfe429343b5f996cf0dbf19fe
14238,LoRA+SSR,0.03,100,83.0,0.5,46.0,1.0,18.339440040290356,0.36315257461475475,0.7032952611999852,7.087071970105171,cc582a73478e3c41591cc5455618a9d1cfa706acfe429343b5f996cf0dbf19fe
14238,LoRA+SSR,0.03,250,70.8,0.2,40.400000000000006,0.78125,18.327884934842587,0.3393703250746642,0.7146098424813577,7.189693665930203,cc582a73478e3c41591cc5455618a9d1cfa706acfe429343b5f996cf0dbf19fe
14239,LoRA+SSR,0.03,1,100.0,0.0,100.0,100.0,18.0580522865057,0.01134921467330839,0.017327691170586537,5.8483951570732255,2e3121087dad8ee1b9cb7ca48bcd3ed3974614c31574910a1defe94ecb460f93
14239,LoRA+SSR,0.03,2,100.0,0.0,100.0,50.0,18.0580522865057,0.028957251927100254,0.05099076486034651,5.906355666262763,2e3121087dad8ee1b9cb7ca48bcd3ed3974614c31574910a1defe94ecb460f93
14239,LoRA+SSR,0.03,5,100.0,0.0,80.0,20.0,28.99684738367796,0.06813752864088331,0.11216322033266936,6.127278536558151,2e3121087dad8ee1b9cb7ca48bcd3ed3974614c31574910a1defe94ecb460f93
14239,LoRA+SSR,0.03,10,100.0,0.0,70.0,10.0,27.78242025524378,0.13199317272353384,0.22442438985620225,6.426406394158091,2e3121087dad8ee1b9cb7ca48bcd3ed3974614c31574910a1defe94ecb460f93
14239,LoRA+SSR,0.03,25,92.0,0.0,64.0,4.0,18.058603815734386,0.2630164488218725,0.4792616714590362,6.771120393914836,2e3121087dad8ee1b9cb7ca48bcd3ed3974614c31574910a1defe94ecb460f93
14239,LoRA+SSR,0.03,50,94.0,0.0,68.0,2.0,18.06953400373459,0.34348425062905463,0.6309196443430015,6.821544864348002,2e3121087dad8ee1b9cb7ca48bcd3ed3974614c31574910a1defe94ecb460f93
14239,LoRA+SSR,0.03,100,91.0,0.0,66.0,1.0,37.2494975104928,0.37494794824825867,0.7021272086671421,6.802076554724149,2e3121087dad8ee1b9cb7ca48bcd3ed3974614c31574910a1defe94ecb460f93
14239,LoRA+SSR,0.03,250,82.8,0.4,53.2,0.78125,28.056127578020096,0.32828028140855686,0.6961888785340956,6.851618405963693,2e3121087dad8ee1b9cb7ca48bcd3ed3974614c31574910a1defe94ecb460f93
14240,LoRA+SSR,0.03,1,100.0,0.0,0.0,100.0,20.3475559130311,0.026318460015837833,0.03824401026473165,6.411938580019133,814750997c1b997d11e37dcf1aed62941ece2320190e9cc18d25578ab49357ba
14240,LoRA+SSR,0.03,2,100.0,0.0,50.0,50.0,16.55581258237362,0.04592961302426245,0.06912921503369164,6.283341028860637,814750997c1b997d11e37dcf1aed62941ece2320190e9cc18d25578ab49357ba
14240,LoRA+SSR,0.03,5,80.0,0.0,40.0,0.0,17.49845612794161,0.07918800009481076,0.12990550242830068,6.369568822639329,814750997c1b997d11e37dcf1aed62941ece2320190e9cc18d25578ab49357ba
14240,LoRA+SSR,0.03,10,80.0,0.0,40.0,10.0,16.509034857153893,0.14337855294745946,0.25526569271460176,6.641650589449065,814750997c1b997d11e37dcf1aed62941ece2320190e9cc18d25578ab49357ba
14240,LoRA+SSR,0.03,25,92.0,0.0,48.0,4.0,16.611643135547638,0.26092160027474165,0.48776158331228153,6.933144607714244,814750997c1b997d11e37dcf1aed62941ece2320190e9cc18d25578ab49357ba
14240,LoRA+SSR,0.03,50,86.0,0.0,60.0,2.0,16.55581258237362,0.34281432987856014,0.645270908650543,7.006392053195409,814750997c1b997d11e37dcf1aed62941ece2320190e9cc18d25578ab49357ba
14240,LoRA+SSR,0.03,100,84.0,0.0,52.0,1.0,16.555821895599365,0.36050444362418993,0.7029391987515348,7.096546645675387,814750997c1b997d11e37dcf1aed62941ece2320190e9cc18d25578ab49357ba
14240,LoRA+SSR,0.03,250,77.2,0.2,51.2,0.0,19.332081079483032,0.3374843802303076,0.7115723863244057,7.152207471430302,814750997c1b997d11e37dcf1aed62941ece2320190e9cc18d25578ab49357ba
