cohort,role,model,dataset,dataset_sha256,rank,alpha,alpha_over_rank,trainable_parameters,learning_rate,train_steps,ssr_lambda,horizon_edits,seed,edit_order_sha256,source_index
ZsRE-r8-primary-100,confirmation,Qwen2.5-7B-Instruct,ZsRE,0e0214dda853a906ef02bef58c7ce2978af5a962e91fc4a10827e0125459905c,8,32,4.0,2523136,0.005,60,0.03,100,12231,bb17fc9fb3ed5bc6fc80145b8586021c94ff1f49c7bdb39c2e85824441d64477,source_data/figure5_20260905/remote/zsre_primary_rank_sweep/stream_index.json
ZsRE-r8-primary-100,confirmation,Qwen2.5-7B-Instruct,ZsRE,0e0214dda853a906ef02bef58c7ce2978af5a962e91fc4a10827e0125459905c,8,32,4.0,2523136,0.005,60,0.03,100,12232,359139dbcec7ff97d0e4db460941fcd9cc6fe51b40c5f5bef540374eacaf5585,source_data/figure5_20260905/remote/zsre_primary_rank_sweep/stream_index.json
ZsRE-r8-primary-100,confirmation,Qwen2.5-7B-Instruct,ZsRE,0e0214dda853a906ef02bef58c7ce2978af5a962e91fc4a10827e0125459905c,8,32,4.0,2523136,0.005,60,0.03,100,12233,bf669ff4700e7538ce9e0cf6d147d4125183c06b243e0940d64c836162d0bb95,source_data/figure5_20260905/remote/zsre_primary_rank_sweep/stream_index.json
ZsRE-r8-primary-100,confirmation,Qwen2.5-7B-Instruct,ZsRE,0e0214dda853a906ef02bef58c7ce2978af5a962e91fc4a10827e0125459905c,8,32,4.0,2523136,0.005,60,0.03,100,12234,2a025378f594fd0337dd14584c29cee6f8e9e4015cce91245c3f6c8ab9908b3d,source_data/figure5_20260905/remote/zsre_primary_rank_sweep/stream_index.json
ZsRE-r8-primary-100,confirmation,Qwen2.5-7B-Instruct,ZsRE,0e0214dda853a906ef02bef58c7ce2978af5a962e91fc4a10827e0125459905c,8,32,4.0,2523136,0.005,60,0.03,100,12235,92886b70654507b7694f5327200f32416e785aa3e22010b2fe516c452869ac9c,source_data/figure5_20260905/remote/zsre_primary_rank_sweep/stream_index.json
ZsRE-r8-primary-100,confirmation,Qwen2.5-7B-Instruct,ZsRE,0e0214dda853a906ef02bef58c7ce2978af5a962e91fc4a10827e0125459905c,8,32,4.0,2523136,0.005,60,0.03,100,12236,f7657710baa0537201c00b921957c780221db7b5cf2e9446107ae69b291a7119,source_data/figure5_20260905/remote/zsre_primary_rank_sweep/stream_index.json
ZsRE-r8-primary-100,confirmation,Qwen2.5-7B-Instruct,ZsRE,0e0214dda853a906ef02bef58c7ce2978af5a962e91fc4a10827e0125459905c,8,32,4.0,2523136,0.005,60,0.03,100,12237,c53cd66411a9c05c8f9b7fedd13928e425f0063e487c3651ccbc522c281a71d4,source_data/figure5_20260905/remote/zsre_primary_rank_sweep/stream_index.json
ZsRE-r8-primary-100,confirmation,Qwen2.5-7B-Instruct,ZsRE,0e0214dda853a906ef02bef58c7ce2978af5a962e91fc4a10827e0125459905c,8,32,4.0,2523136,0.005,60,0.03,100,12238,2e551b8d3ad3a7c8d484d5b46a595c1b3ba21ce750f478a173c3cdcdaaa9681d,source_data/figure5_20260905/remote/zsre_primary_rank_sweep/stream_index.json
ZsRE-r8-primary-100,confirmation,Qwen2.5-7B-Instruct,ZsRE,0e0214dda853a906ef02bef58c7ce2978af5a962e91fc4a10827e0125459905c,8,32,4.0,2523136,0.005,60,0.03,100,12239,3fc47e6a08247e9c868ddb7d744056d0d07c256b2b5d01c8cc5c7b5cecfba2df,source_data/figure5_20260905/remote/zsre_primary_rank_sweep/stream_index.json
ZsRE-r8-primary-100,confirmation,Qwen2.5-7B-Instruct,ZsRE,0e0214dda853a906ef02bef58c7ce2978af5a962e91fc4a10827e0125459905c,8,32,4.0,2523136,0.005,60,0.03,100,12240,a306c1601306e0d47666e122103ac7827c390a47b7f32f4f004b0c63b6a68518,source_data/figure5_20260905/remote/zsre_primary_rank_sweep/stream_index.json
ZsRE-r8-rank-250,rank confirmation,Qwen2.5-7B-Instruct,ZsRE,0e0214dda853a906ef02bef58c7ce2978af5a962e91fc4a10827e0125459905c,8,32,4.0,2523136,0.005,60,0.03,250,12131,2738f2250d47a3a9da0fa5bbc0c9b01d1bf9af6f580df45e44682992d1005a2a,source_data/figure5_20260905/remote/zsre_250_rank_sweep/stream_index.json
ZsRE-r8-rank-250,rank confirmation,Qwen2.5-7B-Instruct,ZsRE,0e0214dda853a906ef02bef58c7ce2978af5a962e91fc4a10827e0125459905c,8,32,4.0,2523136,0.005,60,0.03,250,12132,5baa9017edcfdd9121a9aeb387c4db225599e01c74c3a1b904ae17a1a855a6a9,source_data/figure5_20260905/remote/zsre_250_rank_sweep/stream_index.json
ZsRE-r8-rank-250,rank confirmation,Qwen2.5-7B-Instruct,ZsRE,0e0214dda853a906ef02bef58c7ce2978af5a962e91fc4a10827e0125459905c,8,32,4.0,2523136,0.005,60,0.03,250,12133,0e134f86598c382a415879508bfa3927062ce414861c16a2623cfeae15fdb6a1,source_data/figure5_20260905/remote/zsre_250_rank_sweep/stream_index.json
ZsRE-r8-rank-250,rank confirmation,Qwen2.5-7B-Instruct,ZsRE,0e0214dda853a906ef02bef58c7ce2978af5a962e91fc4a10827e0125459905c,8,32,4.0,2523136,0.005,60,0.03,250,12134,2d799484cb0deab0cb3cf2019bb4e1886df33eeee71edc09594aa461984d6829,source_data/figure5_20260905/remote/zsre_250_rank_sweep/stream_index.json
ZsRE-r8-rank-250,rank confirmation,Qwen2.5-7B-Instruct,ZsRE,0e0214dda853a906ef02bef58c7ce2978af5a962e91fc4a10827e0125459905c,8,32,4.0,2523136,0.005,60,0.03,250,12135,94747b80f6385d09495478512a615acdf18de4988d01229b2748fd99927dabeb,source_data/figure5_20260905/remote/zsre_250_rank_sweep/stream_index.json
ZsRE-r8-rank-250,rank confirmation,Qwen2.5-7B-Instruct,ZsRE,0e0214dda853a906ef02bef58c7ce2978af5a962e91fc4a10827e0125459905c,8,32,4.0,2523136,0.005,60,0.03,250,12136,7cc89c755ca554819120449e049d4ca549ef9b76edc669ee64de3c5ae77f2320,source_data/figure5_20260905/remote/zsre_250_rank_sweep/stream_index.json
ZsRE-r8-rank-250,rank confirmation,Qwen2.5-7B-Instruct,ZsRE,0e0214dda853a906ef02bef58c7ce2978af5a962e91fc4a10827e0125459905c,8,32,4.0,2523136,0.005,60,0.03,250,12137,f371204cb218dd883c4e936d8ffe922a759eed6611e9629db6df5775c6ca690b,source_data/figure5_20260905/remote/zsre_250_rank_sweep/stream_index.json
ZsRE-r8-rank-250,rank confirmation,Qwen2.5-7B-Instruct,ZsRE,0e0214dda853a906ef02bef58c7ce2978af5a962e91fc4a10827e0125459905c,8,32,4.0,2523136,0.005,60,0.03,250,12138,4770b6ee381c210cc31920847982e37dae86ba61b942ab3f09e40ed88f7270e4,source_data/figure5_20260905/remote/zsre_250_rank_sweep/stream_index.json
ZsRE-r8-rank-250,rank confirmation,Qwen2.5-7B-Instruct,ZsRE,0e0214dda853a906ef02bef58c7ce2978af5a962e91fc4a10827e0125459905c,8,32,4.0,2523136,0.005,60,0.03,250,12139,c87eca554dfa1e730531f4deccd7952df69b3be3c9c0876b3cbd3b276e817b05,source_data/figure5_20260905/remote/zsre_250_rank_sweep/stream_index.json
ZsRE-r8-rank-250,rank confirmation,Qwen2.5-7B-Instruct,ZsRE,0e0214dda853a906ef02bef58c7ce2978af5a962e91fc4a10827e0125459905c,8,32,4.0,2523136,0.005,60,0.03,250,12140,15fb0e0d5b3476e6cc8916f21700068152947dc95de3a101d3f285d7226bc2db,source_data/figure5_20260905/remote/zsre_250_rank_sweep/stream_index.json
ZsRE-r16-rank-250,rank confirmation,Qwen2.5-7B-Instruct,ZsRE,0e0214dda853a906ef02bef58c7ce2978af5a962e91fc4a10827e0125459905c,16,64,4.0,5046272,0.005,60,0.03,250,12131,2738f2250d47a3a9da0fa5bbc0c9b01d1bf9af6f580df45e44682992d1005a2a,source_data/figure5_20260905/remote/zsre_250_rank_sweep/stream_index.json
ZsRE-r16-rank-250,rank confirmation,Qwen2.5-7B-Instruct,ZsRE,0e0214dda853a906ef02bef58c7ce2978af5a962e91fc4a10827e0125459905c,16,64,4.0,5046272,0.005,60,0.03,250,12132,5baa9017edcfdd9121a9aeb387c4db225599e01c74c3a1b904ae17a1a855a6a9,source_data/figure5_20260905/remote/zsre_250_rank_sweep/stream_index.json
ZsRE-r16-rank-250,rank confirmation,Qwen2.5-7B-Instruct,ZsRE,0e0214dda853a906ef02bef58c7ce2978af5a962e91fc4a10827e0125459905c,16,64,4.0,5046272,0.005,60,0.03,250,12133,0e134f86598c382a415879508bfa3927062ce414861c16a2623cfeae15fdb6a1,source_data/figure5_20260905/remote/zsre_250_rank_sweep/stream_index.json
ZsRE-r16-rank-250,rank confirmation,Qwen2.5-7B-Instruct,ZsRE,0e0214dda853a906ef02bef58c7ce2978af5a962e91fc4a10827e0125459905c,16,64,4.0,5046272,0.005,60,0.03,250,12134,2d799484cb0deab0cb3cf2019bb4e1886df33eeee71edc09594aa461984d6829,source_data/figure5_20260905/remote/zsre_250_rank_sweep/stream_index.json
ZsRE-r16-rank-250,rank confirmation,Qwen2.5-7B-Instruct,ZsRE,0e0214dda853a906ef02bef58c7ce2978af5a962e91fc4a10827e0125459905c,16,64,4.0,5046272,0.005,60,0.03,250,12135,94747b80f6385d09495478512a615acdf18de4988d01229b2748fd99927dabeb,source_data/figure5_20260905/remote/zsre_250_rank_sweep/stream_index.json
ZsRE-r16-rank-250,rank confirmation,Qwen2.5-7B-Instruct,ZsRE,0e0214dda853a906ef02bef58c7ce2978af5a962e91fc4a10827e0125459905c,16,64,4.0,5046272,0.005,60,0.03,250,12136,7cc89c755ca554819120449e049d4ca549ef9b76edc669ee64de3c5ae77f2320,source_data/figure5_20260905/remote/zsre_250_rank_sweep/stream_index.json
ZsRE-r16-rank-250,rank confirmation,Qwen2.5-7B-Instruct,ZsRE,0e0214dda853a906ef02bef58c7ce2978af5a962e91fc4a10827e0125459905c,16,64,4.0,5046272,0.005,60,0.03,250,12137,f371204cb218dd883c4e936d8ffe922a759eed6611e9629db6df5775c6ca690b,source_data/figure5_20260905/remote/zsre_250_rank_sweep/stream_index.json
ZsRE-r16-rank-250,rank confirmation,Qwen2.5-7B-Instruct,ZsRE,0e0214dda853a906ef02bef58c7ce2978af5a962e91fc4a10827e0125459905c,16,64,4.0,5046272,0.005,60,0.03,250,12138,4770b6ee381c210cc31920847982e37dae86ba61b942ab3f09e40ed88f7270e4,source_data/figure5_20260905/remote/zsre_250_rank_sweep/stream_index.json
ZsRE-r16-rank-250,rank confirmation,Qwen2.5-7B-Instruct,ZsRE,0e0214dda853a906ef02bef58c7ce2978af5a962e91fc4a10827e0125459905c,16,64,4.0,5046272,0.005,60,0.03,250,12139,c87eca554dfa1e730531f4deccd7952df69b3be3c9c0876b3cbd3b276e817b05,source_data/figure5_20260905/remote/zsre_250_rank_sweep/stream_index.json
ZsRE-r16-rank-250,rank confirmation,Qwen2.5-7B-Instruct,ZsRE,0e0214dda853a906ef02bef58c7ce2978af5a962e91fc4a10827e0125459905c,16,64,4.0,5046272,0.005,60,0.03,250,12140,15fb0e0d5b3476e6cc8916f21700068152947dc95de3a101d3f285d7226bc2db,source_data/figure5_20260905/remote/zsre_250_rank_sweep/stream_index.json
ZsRE-r32-star-250,fixed-lambda interpolation,Qwen2.5-7B-Instruct,ZsRE,0e0214dda853a906ef02bef58c7ce2978af5a962e91fc4a10827e0125459905c,32,128,4.0,10092544,0.005,60,0.03,250,12131,2738f2250d47a3a9da0fa5bbc0c9b01d1bf9af6f580df45e44682992d1005a2a,source_data/figure5_20260905/remote/zsre_primary_rank_sweep/stream_index.json
ZsRE-r32-star-250,fixed-lambda interpolation,Qwen2.5-7B-Instruct,ZsRE,0e0214dda853a906ef02bef58c7ce2978af5a962e91fc4a10827e0125459905c,32,128,4.0,10092544,0.005,60,0.03,250,12132,5baa9017edcfdd9121a9aeb387c4db225599e01c74c3a1b904ae17a1a855a6a9,source_data/figure5_20260905/remote/zsre_primary_rank_sweep/stream_index.json
ZsRE-r32-star-250,fixed-lambda interpolation,Qwen2.5-7B-Instruct,ZsRE,0e0214dda853a906ef02bef58c7ce2978af5a962e91fc4a10827e0125459905c,32,128,4.0,10092544,0.005,60,0.03,250,12133,0e134f86598c382a415879508bfa3927062ce414861c16a2623cfeae15fdb6a1,source_data/figure5_20260905/remote/zsre_primary_rank_sweep/stream_index.json
ZsRE-r32-star-250,fixed-lambda interpolation,Qwen2.5-7B-Instruct,ZsRE,0e0214dda853a906ef02bef58c7ce2978af5a962e91fc4a10827e0125459905c,32,128,4.0,10092544,0.005,60,0.03,250,12134,2d799484cb0deab0cb3cf2019bb4e1886df33eeee71edc09594aa461984d6829,source_data/figure5_20260905/remote/zsre_primary_rank_sweep/stream_index.json
ZsRE-r32-star-250,fixed-lambda interpolation,Qwen2.5-7B-Instruct,ZsRE,0e0214dda853a906ef02bef58c7ce2978af5a962e91fc4a10827e0125459905c,32,128,4.0,10092544,0.005,60,0.03,250,12135,94747b80f6385d09495478512a615acdf18de4988d01229b2748fd99927dabeb,source_data/figure5_20260905/remote/zsre_primary_rank_sweep/stream_index.json
ZsRE-r32-star-250,fixed-lambda interpolation,Qwen2.5-7B-Instruct,ZsRE,0e0214dda853a906ef02bef58c7ce2978af5a962e91fc4a10827e0125459905c,32,128,4.0,10092544,0.005,60,0.03,250,12136,7cc89c755ca554819120449e049d4ca549ef9b76edc669ee64de3c5ae77f2320,source_data/figure5_20260905/remote/zsre_primary_rank_sweep/stream_index.json
ZsRE-r32-star-250,fixed-lambda interpolation,Qwen2.5-7B-Instruct,ZsRE,0e0214dda853a906ef02bef58c7ce2978af5a962e91fc4a10827e0125459905c,32,128,4.0,10092544,0.005,60,0.03,250,12137,f371204cb218dd883c4e936d8ffe922a759eed6611e9629db6df5775c6ca690b,source_data/figure5_20260905/remote/zsre_primary_rank_sweep/stream_index.json
ZsRE-r32-star-250,fixed-lambda interpolation,Qwen2.5-7B-Instruct,ZsRE,0e0214dda853a906ef02bef58c7ce2978af5a962e91fc4a10827e0125459905c,32,128,4.0,10092544,0.005,60,0.03,250,12138,4770b6ee381c210cc31920847982e37dae86ba61b942ab3f09e40ed88f7270e4,source_data/figure5_20260905/remote/zsre_primary_rank_sweep/stream_index.json
ZsRE-r32-star-250,fixed-lambda interpolation,Qwen2.5-7B-Instruct,ZsRE,0e0214dda853a906ef02bef58c7ce2978af5a962e91fc4a10827e0125459905c,32,128,4.0,10092544,0.005,60,0.03,250,12139,c87eca554dfa1e730531f4deccd7952df69b3be3c9c0876b3cbd3b276e817b05,source_data/figure5_20260905/remote/zsre_primary_rank_sweep/stream_index.json
ZsRE-r32-star-250,fixed-lambda interpolation,Qwen2.5-7B-Instruct,ZsRE,0e0214dda853a906ef02bef58c7ce2978af5a962e91fc4a10827e0125459905c,32,128,4.0,10092544,0.005,60,0.03,250,12140,15fb0e0d5b3476e6cc8916f21700068152947dc95de3a101d3f285d7226bc2db,source_data/figure5_20260905/remote/zsre_primary_rank_sweep/stream_index.json
ZsRE-r64-rank-250,rank confirmation,Qwen2.5-7B-Instruct,ZsRE,0e0214dda853a906ef02bef58c7ce2978af5a962e91fc4a10827e0125459905c,64,256,4.0,20185088,0.005,60,0.03,250,12131,2738f2250d47a3a9da0fa5bbc0c9b01d1bf9af6f580df45e44682992d1005a2a,source_data/figure5_20260905/remote/zsre_250_rank_sweep/stream_index.json
ZsRE-r64-rank-250,rank confirmation,Qwen2.5-7B-Instruct,ZsRE,0e0214dda853a906ef02bef58c7ce2978af5a962e91fc4a10827e0125459905c,64,256,4.0,20185088,0.005,60,0.03,250,12132,5baa9017edcfdd9121a9aeb387c4db225599e01c74c3a1b904ae17a1a855a6a9,source_data/figure5_20260905/remote/zsre_250_rank_sweep/stream_index.json
ZsRE-r64-rank-250,rank confirmation,Qwen2.5-7B-Instruct,ZsRE,0e0214dda853a906ef02bef58c7ce2978af5a962e91fc4a10827e0125459905c,64,256,4.0,20185088,0.005,60,0.03,250,12133,0e134f86598c382a415879508bfa3927062ce414861c16a2623cfeae15fdb6a1,source_data/figure5_20260905/remote/zsre_250_rank_sweep/stream_index.json
ZsRE-r64-rank-250,rank confirmation,Qwen2.5-7B-Instruct,ZsRE,0e0214dda853a906ef02bef58c7ce2978af5a962e91fc4a10827e0125459905c,64,256,4.0,20185088,0.005,60,0.03,250,12134,2d799484cb0deab0cb3cf2019bb4e1886df33eeee71edc09594aa461984d6829,source_data/figure5_20260905/remote/zsre_250_rank_sweep/stream_index.json
ZsRE-r64-rank-250,rank confirmation,Qwen2.5-7B-Instruct,ZsRE,0e0214dda853a906ef02bef58c7ce2978af5a962e91fc4a10827e0125459905c,64,256,4.0,20185088,0.005,60,0.03,250,12135,94747b80f6385d09495478512a615acdf18de4988d01229b2748fd99927dabeb,source_data/figure5_20260905/remote/zsre_250_rank_sweep/stream_index.json
ZsRE-r64-rank-250,rank confirmation,Qwen2.5-7B-Instruct,ZsRE,0e0214dda853a906ef02bef58c7ce2978af5a962e91fc4a10827e0125459905c,64,256,4.0,20185088,0.005,60,0.03,250,12136,7cc89c755ca554819120449e049d4ca549ef9b76edc669ee64de3c5ae77f2320,source_data/figure5_20260905/remote/zsre_250_rank_sweep/stream_index.json
ZsRE-r64-rank-250,rank confirmation,Qwen2.5-7B-Instruct,ZsRE,0e0214dda853a906ef02bef58c7ce2978af5a962e91fc4a10827e0125459905c,64,256,4.0,20185088,0.005,60,0.03,250,12137,f371204cb218dd883c4e936d8ffe922a759eed6611e9629db6df5775c6ca690b,source_data/figure5_20260905/remote/zsre_250_rank_sweep/stream_index.json
ZsRE-r64-rank-250,rank confirmation,Qwen2.5-7B-Instruct,ZsRE,0e0214dda853a906ef02bef58c7ce2978af5a962e91fc4a10827e0125459905c,64,256,4.0,20185088,0.005,60,0.03,250,12138,4770b6ee381c210cc31920847982e37dae86ba61b942ab3f09e40ed88f7270e4,source_data/figure5_20260905/remote/zsre_250_rank_sweep/stream_index.json
ZsRE-r64-rank-250,rank confirmation,Qwen2.5-7B-Instruct,ZsRE,0e0214dda853a906ef02bef58c7ce2978af5a962e91fc4a10827e0125459905c,64,256,4.0,20185088,0.005,60,0.03,250,12139,c87eca554dfa1e730531f4deccd7952df69b3be3c9c0876b3cbd3b276e817b05,source_data/figure5_20260905/remote/zsre_250_rank_sweep/stream_index.json
ZsRE-r64-rank-250,rank confirmation,Qwen2.5-7B-Instruct,ZsRE,0e0214dda853a906ef02bef58c7ce2978af5a962e91fc4a10827e0125459905c,64,256,4.0,20185088,0.005,60,0.03,250,12140,15fb0e0d5b3476e6cc8916f21700068152947dc95de3a101d3f285d7226bc2db,source_data/figure5_20260905/remote/zsre_250_rank_sweep/stream_index.json
ZsRE-r8-mechanism-250,mechanism confirmation,Qwen2.5-7B-Instruct,ZsRE,0e0214dda853a906ef02bef58c7ce2978af5a962e91fc4a10827e0125459905c,8,32,4.0,2523136,0.005,60,0.03,250,14231,d11971bec2bd84713e0d71ec665742aa57c4d24b34c7e4b1f449a3a25034c49d,source_data/figure5_20260905/remote/zsre_250_mechanism/stream_index.json
ZsRE-r8-mechanism-250,mechanism confirmation,Qwen2.5-7B-Instruct,ZsRE,0e0214dda853a906ef02bef58c7ce2978af5a962e91fc4a10827e0125459905c,8,32,4.0,2523136,0.005,60,0.03,250,14232,b1b8af5814a9b59a7308041f91bad7f832ff9d8755be4edc26d1d511f6e33b8e,source_data/figure5_20260905/remote/zsre_250_mechanism/stream_index.json
ZsRE-r8-mechanism-250,mechanism confirmation,Qwen2.5-7B-Instruct,ZsRE,0e0214dda853a906ef02bef58c7ce2978af5a962e91fc4a10827e0125459905c,8,32,4.0,2523136,0.005,60,0.03,250,14233,2917fbe3eb72dc2f36d4c68b9028a9435068e10b4c565736559de7bed8f48dcb,source_data/figure5_20260905/remote/zsre_250_mechanism/stream_index.json
ZsRE-r8-mechanism-250,mechanism confirmation,Qwen2.5-7B-Instruct,ZsRE,0e0214dda853a906ef02bef58c7ce2978af5a962e91fc4a10827e0125459905c,8,32,4.0,2523136,0.005,60,0.03,250,14234,2d3272cc733f7e43876735e80547fcd8920d418965362fcdc088053a61493bcf,source_data/figure5_20260905/remote/zsre_250_mechanism/stream_index.json
ZsRE-r8-mechanism-250,mechanism confirmation,Qwen2.5-7B-Instruct,ZsRE,0e0214dda853a906ef02bef58c7ce2978af5a962e91fc4a10827e0125459905c,8,32,4.0,2523136,0.005,60,0.03,250,14235,35d0ae8555d83ca0e47a488bf1376b1107941b61feeec428bcaaba8b877ea517,source_data/figure5_20260905/remote/zsre_250_mechanism/stream_index.json
ZsRE-r8-mechanism-250,mechanism confirmation,Qwen2.5-7B-Instruct,ZsRE,0e0214dda853a906ef02bef58c7ce2978af5a962e91fc4a10827e0125459905c,8,32,4.0,2523136,0.005,60,0.03,250,14236,704a00e8c98ecfef703286da4f6b0da73645d0baf7055c34f2e0618a4f4d6268,source_data/figure5_20260905/remote/zsre_250_mechanism/stream_index.json
ZsRE-r8-mechanism-250,mechanism confirmation,Qwen2.5-7B-Instruct,ZsRE,0e0214dda853a906ef02bef58c7ce2978af5a962e91fc4a10827e0125459905c,8,32,4.0,2523136,0.005,60,0.03,250,14237,f96119f27361d4cf7e0ba321299cbdd8475a14f6ef983a6162d255978ad0e30a,source_data/figure5_20260905/remote/zsre_250_mechanism/stream_index.json
ZsRE-r8-mechanism-250,mechanism confirmation,Qwen2.5-7B-Instruct,ZsRE,0e0214dda853a906ef02bef58c7ce2978af5a962e91fc4a10827e0125459905c,8,32,4.0,2523136,0.005,60,0.03,250,14238,3c3a77e3e975506737ae097611c3d7b09919b74a32c399b401e8f6627ea2a98a,source_data/figure5_20260905/remote/zsre_250_mechanism/stream_index.json
ZsRE-r8-mechanism-250,mechanism confirmation,Qwen2.5-7B-Instruct,ZsRE,0e0214dda853a906ef02bef58c7ce2978af5a962e91fc4a10827e0125459905c,8,32,4.0,2523136,0.005,60,0.03,250,14239,98fd5d90bf0d32f26ea13f40d1e2de66d40325fb89ee1eae3c16e49f50b71ede,source_data/figure5_20260905/remote/zsre_250_mechanism/stream_index.json
ZsRE-r8-mechanism-250,mechanism confirmation,Qwen2.5-7B-Instruct,ZsRE,0e0214dda853a906ef02bef58c7ce2978af5a962e91fc4a10827e0125459905c,8,32,4.0,2523136,0.005,60,0.03,250,14240,25228086b41997e8ed4e3bd2924e80532a91bcf1ebae3e0c45e8daf91bae0078,source_data/figure5_20260905/remote/zsre_250_mechanism/stream_index.json
ZsRE-r40-selected-100,selected confirmation,Qwen2.5-7B-Instruct,ZsRE,,40,160,4.0,12615680,0.0025,60,0.064,100,16131,not exported by launcher,source_data/figure5_20260905/remote/zsre_rank40_effloc/stream_index.json
ZsRE-r40-selected-100,selected confirmation,Qwen2.5-7B-Instruct,ZsRE,,40,160,4.0,12615680,0.0025,60,0.064,100,16132,not exported by launcher,source_data/figure5_20260905/remote/zsre_rank40_effloc/stream_index.json
ZsRE-r40-selected-100,selected confirmation,Qwen2.5-7B-Instruct,ZsRE,,40,160,4.0,12615680,0.0025,60,0.064,100,16133,not exported by launcher,source_data/figure5_20260905/remote/zsre_rank40_effloc/stream_index.json
ZsRE-r40-selected-100,selected confirmation,Qwen2.5-7B-Instruct,ZsRE,,40,160,4.0,12615680,0.0025,60,0.064,100,16134,not exported by launcher,source_data/figure5_20260905/remote/zsre_rank40_effloc/stream_index.json
ZsRE-r40-selected-100,selected confirmation,Qwen2.5-7B-Instruct,ZsRE,,40,160,4.0,12615680,0.0025,60,0.064,100,16135,not exported by launcher,source_data/figure5_20260905/remote/zsre_rank40_effloc/stream_index.json
ZsRE-r40-selected-100,selected confirmation,Qwen2.5-7B-Instruct,ZsRE,,40,160,4.0,12615680,0.0025,60,0.064,100,16136,not exported by launcher,source_data/figure5_20260905/remote/zsre_rank40_effloc/stream_index.json
ZsRE-r40-selected-100,selected confirmation,Qwen2.5-7B-Instruct,ZsRE,,40,160,4.0,12615680,0.0025,60,0.064,100,16137,not exported by launcher,source_data/figure5_20260905/remote/zsre_rank40_effloc/stream_index.json
ZsRE-r40-selected-100,selected confirmation,Qwen2.5-7B-Instruct,ZsRE,,40,160,4.0,12615680,0.0025,60,0.064,100,16138,not exported by launcher,source_data/figure5_20260905/remote/zsre_rank40_effloc/stream_index.json
ZsRE-r40-selected-100,selected confirmation,Qwen2.5-7B-Instruct,ZsRE,,40,160,4.0,12615680,0.0025,60,0.064,100,16139,not exported by launcher,source_data/figure5_20260905/remote/zsre_rank40_effloc/stream_index.json
ZsRE-r40-selected-100,selected confirmation,Qwen2.5-7B-Instruct,ZsRE,,40,160,4.0,12615680,0.0025,60,0.064,100,16140,not exported by launcher,source_data/figure5_20260905/remote/zsre_rank40_effloc/stream_index.json
ZsRE-r8-followup-100,alternative frozen-config confirmation,Qwen2.5-7B-Instruct,ZsRE,0e0214dda853a906ef02bef58c7ce2978af5a962e91fc4a10827e0125459905c,8,32,4.0,2523136,0.0035,60,0.036,100,16331,aa08d0211ecf0fc52992675c393722bd61c504b738bb749aa2b701c660fdd184,source_data/figure5_20260905/remote/zsre_rank8_followup/stream_index.json
ZsRE-r8-followup-100,alternative frozen-config confirmation,Qwen2.5-7B-Instruct,ZsRE,0e0214dda853a906ef02bef58c7ce2978af5a962e91fc4a10827e0125459905c,8,32,4.0,2523136,0.0035,60,0.036,100,16332,ce90ef5b56816abf22b6fa46991e54a1398fecbd7e6fc5fa8420daed230a2750,source_data/figure5_20260905/remote/zsre_rank8_followup/stream_index.json
ZsRE-r8-followup-100,alternative frozen-config confirmation,Qwen2.5-7B-Instruct,ZsRE,0e0214dda853a906ef02bef58c7ce2978af5a962e91fc4a10827e0125459905c,8,32,4.0,2523136,0.0035,60,0.036,100,16333,b912b899bb1bb2c98d88ff89154d66c007ceb05040f183916763fe6ef3f122ec,source_data/figure5_20260905/remote/zsre_rank8_followup/stream_index.json
ZsRE-r8-followup-100,alternative frozen-config confirmation,Qwen2.5-7B-Instruct,ZsRE,0e0214dda853a906ef02bef58c7ce2978af5a962e91fc4a10827e0125459905c,8,32,4.0,2523136,0.0035,60,0.036,100,16334,bf12fb6a6985deb9926f255cf9c8207cae23d50d870aebfc36177491b2dece2a,source_data/figure5_20260905/remote/zsre_rank8_followup/stream_index.json
ZsRE-r8-followup-100,alternative frozen-config confirmation,Qwen2.5-7B-Instruct,ZsRE,0e0214dda853a906ef02bef58c7ce2978af5a962e91fc4a10827e0125459905c,8,32,4.0,2523136,0.0035,60,0.036,100,16335,1cf437e5566e04052025e5e0d629ecd80d71b7d82b4f74e6eafa8caded28ded0,source_data/figure5_20260905/remote/zsre_rank8_followup/stream_index.json
ZsRE-r8-followup-100,alternative frozen-config confirmation,Qwen2.5-7B-Instruct,ZsRE,0e0214dda853a906ef02bef58c7ce2978af5a962e91fc4a10827e0125459905c,8,32,4.0,2523136,0.0035,60,0.036,100,16336,ebdbb5bcf68ff73e154774d8361375847413381ea09342a524cc51c56d7def57,source_data/figure5_20260905/remote/zsre_rank8_followup/stream_index.json
ZsRE-r8-followup-100,alternative frozen-config confirmation,Qwen2.5-7B-Instruct,ZsRE,0e0214dda853a906ef02bef58c7ce2978af5a962e91fc4a10827e0125459905c,8,32,4.0,2523136,0.0035,60,0.036,100,16337,e1bb395ef00068dab6a88cd830b8bb5a92459cc9bd1d3181efee6aa097aa4499,source_data/figure5_20260905/remote/zsre_rank8_followup/stream_index.json
ZsRE-r8-followup-100,alternative frozen-config confirmation,Qwen2.5-7B-Instruct,ZsRE,0e0214dda853a906ef02bef58c7ce2978af5a962e91fc4a10827e0125459905c,8,32,4.0,2523136,0.0035,60,0.036,100,16338,6ae80a82dd3844561aa8962eccfbaa3a8eff366fcf0a5593d36b19d82aec21e6,source_data/figure5_20260905/remote/zsre_rank8_followup/stream_index.json
ZsRE-r8-followup-100,alternative frozen-config confirmation,Qwen2.5-7B-Instruct,ZsRE,0e0214dda853a906ef02bef58c7ce2978af5a962e91fc4a10827e0125459905c,8,32,4.0,2523136,0.0035,60,0.036,100,16339,038c91ee3ca10d51d2dafdcd10238c6da19085f645d816d1254bcd9fde534fb5,source_data/figure5_20260905/remote/zsre_rank8_followup/stream_index.json
ZsRE-r8-followup-100,alternative frozen-config confirmation,Qwen2.5-7B-Instruct,ZsRE,0e0214dda853a906ef02bef58c7ce2978af5a962e91fc4a10827e0125459905c,8,32,4.0,2523136,0.0035,60,0.036,100,16340,f2d665a1bcbbacb9b7b565efe789ebb80f88cc01bd7374de5d39919ed6dea4ef,source_data/figure5_20260905/remote/zsre_rank8_followup/stream_index.json
WikiRecent-r8-transfer-100,external transfer confirmation,Qwen2.5-7B-Instruct,WikiRecent,e5c4ce6de1e8e2d10d892164ad6f4cbd28c976ed509e29e78ae853b01de1797b,8,32,4.0,2523136,0.0035,60,0.036,100,16631,10acd05f531ce9ca91fa75a6f61fae427c398b7560f3db6518da8617a0894fc1,source_data/figure5_20260905/remote/wikirecent_rank8_transfer/stream_index.json
WikiRecent-r8-transfer-100,external transfer confirmation,Qwen2.5-7B-Instruct,WikiRecent,e5c4ce6de1e8e2d10d892164ad6f4cbd28c976ed509e29e78ae853b01de1797b,8,32,4.0,2523136,0.0035,60,0.036,100,16632,5b89931ad0b78fe8027745a526ee0376bf7241e98bdf7434165b7d1f16e5ed7c,source_data/figure5_20260905/remote/wikirecent_rank8_transfer/stream_index.json
WikiRecent-r8-transfer-100,external transfer confirmation,Qwen2.5-7B-Instruct,WikiRecent,e5c4ce6de1e8e2d10d892164ad6f4cbd28c976ed509e29e78ae853b01de1797b,8,32,4.0,2523136,0.0035,60,0.036,100,16633,a8ae5d806b2ae86b2170ace75252e01ece463370d0c641881f7bb1020f4fbd86,source_data/figure5_20260905/remote/wikirecent_rank8_transfer/stream_index.json
WikiRecent-r8-transfer-100,external transfer confirmation,Qwen2.5-7B-Instruct,WikiRecent,e5c4ce6de1e8e2d10d892164ad6f4cbd28c976ed509e29e78ae853b01de1797b,8,32,4.0,2523136,0.0035,60,0.036,100,16634,b546842e376ffc372191fb1d77c30a264933576959c519f2d4c2743486532ea5,source_data/figure5_20260905/remote/wikirecent_rank8_transfer/stream_index.json
WikiRecent-r8-transfer-100,external transfer confirmation,Qwen2.5-7B-Instruct,WikiRecent,e5c4ce6de1e8e2d10d892164ad6f4cbd28c976ed509e29e78ae853b01de1797b,8,32,4.0,2523136,0.0035,60,0.036,100,16635,1dbbc6a5943e9adedeb60a2bf25795690295473305aa4e672bb030dd426f7fc0,source_data/figure5_20260905/remote/wikirecent_rank8_transfer/stream_index.json
WikiRecent-r8-transfer-100,external transfer confirmation,Qwen2.5-7B-Instruct,WikiRecent,e5c4ce6de1e8e2d10d892164ad6f4cbd28c976ed509e29e78ae853b01de1797b,8,32,4.0,2523136,0.0035,60,0.036,100,16636,526c6979a06717dc2a14c3574019e6489ce877ee834724942d8fa7fe29b6b2d9,source_data/figure5_20260905/remote/wikirecent_rank8_transfer/stream_index.json
WikiRecent-r8-transfer-100,external transfer confirmation,Qwen2.5-7B-Instruct,WikiRecent,e5c4ce6de1e8e2d10d892164ad6f4cbd28c976ed509e29e78ae853b01de1797b,8,32,4.0,2523136,0.0035,60,0.036,100,16637,df8d5834b083c2b0115124522867befc9c85dc705c5fd9219d06c0926333715f,source_data/figure5_20260905/remote/wikirecent_rank8_transfer/stream_index.json
WikiRecent-r8-transfer-100,external transfer confirmation,Qwen2.5-7B-Instruct,WikiRecent,e5c4ce6de1e8e2d10d892164ad6f4cbd28c976ed509e29e78ae853b01de1797b,8,32,4.0,2523136,0.0035,60,0.036,100,16638,4cdb76da522c099ee55417e4cd79edf096b4e71b2bd5750eb071d7bd5b12233d,source_data/figure5_20260905/remote/wikirecent_rank8_transfer/stream_index.json
WikiRecent-r8-transfer-100,external transfer confirmation,Qwen2.5-7B-Instruct,WikiRecent,e5c4ce6de1e8e2d10d892164ad6f4cbd28c976ed509e29e78ae853b01de1797b,8,32,4.0,2523136,0.0035,60,0.036,100,16639,f5cc5456b224c7750ee0f60b279056ad9cb70a17b207b63510e6da4a6922fc83,source_data/figure5_20260905/remote/wikirecent_rank8_transfer/stream_index.json
WikiRecent-r8-transfer-100,external transfer confirmation,Qwen2.5-7B-Instruct,WikiRecent,e5c4ce6de1e8e2d10d892164ad6f4cbd28c976ed509e29e78ae853b01de1797b,8,32,4.0,2523136,0.0035,60,0.036,100,16640,03742bcf873f526123e5a22dfbd7488be336a822b419e5154fa87cace32f6804,source_data/figure5_20260905/remote/wikirecent_rank8_transfer/stream_index.json
