source,lambda,mean_delta_pp,passes_endpoint_safeguards,per_seed_delta_pp,balance_score,efficacy_nonnegative_seed_count,eligible,learning_rate,locality_nonnegative_seed_count,lora_steps,rank
source_data/ke_lora_v36/development_selection_rank16.json,0.001,"{'final_history_efficacy': 0.0, 'final_pre_edit_output_consistency': 0.15960810706019402, 'immediate_efficacy': 1.0, 'immediate_locality_target_consistency': 0.25, 'immediate_portability': -0.49999999999999956, 'immediate_rephrase': -0.5, 'normalized_history_auc': -0.025252525252525082}",True,"{'12031': {'final_history_efficacy': 0.0, 'final_pre_edit_output_consistency': 0.19605718553066254, 'immediate_efficacy': 0.0, 'immediate_locality_target_consistency': 0.5, 'immediate_portability': 1.0000000000000009, 'immediate_rephrase': -3.0, 'normalized_history_auc': -0.050505050505050164}, '12032': {'final_history_efficacy': 0.0, 'final_pre_edit_output_consistency': 0.1231590285897255, 'immediate_efficacy': 2.0, 'immediate_locality_target_consistency': 0.0, 'immediate_portability': -2.0, 'immediate_rephrase': 2.0, 'normalized_history_auc': 0.0}}",,,,,,,
source_data/ke_lora_v36/development_selection_rank16.json,0.003,"{'final_history_efficacy': 0.0, 'final_pre_edit_output_consistency': 0.2592846751213074, 'immediate_efficacy': 17.999999999999996, 'immediate_locality_target_consistency': -0.25, 'immediate_portability': 0.5, 'immediate_rephrase': 13.0, 'normalized_history_auc': 0.3787878787878789}",True,"{'12031': {'final_history_efficacy': 0.0, 'final_pre_edit_output_consistency': 0.5245398730039597, 'immediate_efficacy': 13.999999999999993, 'immediate_locality_target_consistency': 0.5, 'immediate_portability': 3.0, 'immediate_rephrase': 21.0, 'normalized_history_auc': 0.7575757575757578}, '12032': {'final_history_efficacy': 0.0, 'final_pre_edit_output_consistency': -0.00597052276134491, 'immediate_efficacy': 22.0, 'immediate_locality_target_consistency': -1.0, 'immediate_portability': -2.0, 'immediate_rephrase': 5.0, 'normalized_history_auc': 0.0}}",,,,,,,
source_data/ke_lora_v36/development_selection_rank16.json,0.01,"{'final_history_efficacy': 0.0, 'final_pre_edit_output_consistency': 0.02343449741601944, 'immediate_efficacy': 27.999999999999996, 'immediate_locality_target_consistency': 0.25, 'immediate_portability': 1.0, 'immediate_rephrase': 16.5, 'normalized_history_auc': -0.025252525252525082}",True,"{'12031': {'final_history_efficacy': 0.0, 'final_pre_edit_output_consistency': 0.01306440681219101, 'immediate_efficacy': 23.999999999999993, 'immediate_locality_target_consistency': 1.5, 'immediate_portability': 4.0, 'immediate_rephrase': 17.0, 'normalized_history_auc': -0.050505050505050164}, '12032': {'final_history_efficacy': 0.0, 'final_pre_edit_output_consistency': 0.03380458801984787, 'immediate_efficacy': 32.0, 'immediate_locality_target_consistency': -1.0, 'immediate_portability': -2.0, 'immediate_rephrase': 16.0, 'normalized_history_auc': 0.0}}",,,,,,,
source_data/ke_lora_v36/development_selection_rank16.json,0.03,"{'final_history_efficacy': 0.78125, 'final_pre_edit_output_consistency': 0.2373955212533474, 'immediate_efficacy': 11.499999999999996, 'immediate_locality_target_consistency': -0.5, 'immediate_portability': -0.9999999999999996, 'immediate_rephrase': 5.5, 'normalized_history_auc': 0.6770833333333339}",True,"{'12031': {'final_history_efficacy': 0.0, 'final_pre_edit_output_consistency': 0.48098303377628326, 'immediate_efficacy': 7.999999999999993, 'immediate_locality_target_consistency': -0.5, 'immediate_portability': 4.0, 'immediate_rephrase': 13.0, 'normalized_history_auc': 0.9595959595959602}, '12032': {'final_history_efficacy': 1.5625, 'final_pre_edit_output_consistency': -0.0061919912695884705, 'immediate_efficacy': 15.0, 'immediate_locality_target_consistency': -0.5, 'immediate_portability': -5.999999999999999, 'immediate_rephrase': -2.0, 'normalized_history_auc': 0.3945707070707076}}",,,,,,,
source_data/ke_lora_v36/development_selection_rank16.json,0.1,"{'final_history_efficacy': 0.78125, 'final_pre_edit_output_consistency': 0.007579289376735687, 'immediate_efficacy': 21.499999999999996, 'immediate_locality_target_consistency': -1.0, 'immediate_portability': 3.500000000000001, 'immediate_rephrase': 11.5, 'normalized_history_auc': 0.1720328282828283}",True,"{'12031': {'final_history_efficacy': 1.5625, 'final_pre_edit_output_consistency': -0.003930367529392242, 'immediate_efficacy': 11.999999999999993, 'immediate_locality_target_consistency': -0.5, 'immediate_portability': 8.000000000000002, 'immediate_rephrase': 13.0, 'normalized_history_auc': 0.3440656565656566}, '12032': {'final_history_efficacy': 0.0, 'final_pre_edit_output_consistency': 0.019088946282863617, 'immediate_efficacy': 31.0, 'immediate_locality_target_consistency': -1.5, 'immediate_portability': -1.0, 'immediate_rephrase': 10.0, 'normalized_history_auc': 0.0}}",,,,,,,
source_data/ke_lora_v36/development_selection_rank16.json,0.3,"{'final_history_efficacy': 0.78125, 'final_pre_edit_output_consistency': 0.202958844602108, 'immediate_efficacy': 18.499999999999996, 'immediate_locality_target_consistency': 0.25, 'immediate_portability': 0.5, 'immediate_rephrase': 11.0, 'normalized_history_auc': -0.2067550505050506}",True,"{'12031': {'final_history_efficacy': 1.5625, 'final_pre_edit_output_consistency': 0.10633952915668488, 'immediate_efficacy': 10.999999999999993, 'immediate_locality_target_consistency': 0.0, 'immediate_portability': 4.0, 'immediate_rephrase': 11.0, 'normalized_history_auc': 0.3440656565656566}, '12032': {'final_history_efficacy': 0.0, 'final_pre_edit_output_consistency': 0.29957816004753113, 'immediate_efficacy': 26.0, 'immediate_locality_target_consistency': 0.5, 'immediate_portability': -3.0, 'immediate_rephrase': 11.0, 'normalized_history_auc': -0.7575757575757578}}",,,,,,,
source_data/ke_lora_v36/development_selection_rank64.json,0.001,"{'final_history_efficacy': 0.78125, 'final_pre_edit_output_consistency': -0.03784839063882828, 'immediate_efficacy': 4.5, 'immediate_locality_target_consistency': -0.25, 'immediate_portability': 2.0, 'immediate_rephrase': 1.0, 'normalized_history_auc': -0.2067550505050504}",True,"{'12031': {'final_history_efficacy': 0.0, 'final_pre_edit_output_consistency': -0.11943299323320389, 'immediate_efficacy': -3.0, 'immediate_locality_target_consistency': 0.0, 'immediate_portability': 0.0, 'immediate_rephrase': -6.0, 'normalized_history_auc': 0.202020202020202}, '12032': {'final_history_efficacy': 1.5625, 'final_pre_edit_output_consistency': 0.04373621195554733, 'immediate_efficacy': 12.0, 'immediate_locality_target_consistency': -0.5, 'immediate_portability': 4.0, 'immediate_rephrase': 8.0, 'normalized_history_auc': -0.6155303030303028}}",,,,,,,
source_data/ke_lora_v36/development_selection_rank64.json,0.003,"{'final_history_efficacy': 0.78125, 'final_pre_edit_output_consistency': 0.5935816094279289, 'immediate_efficacy': 5.0, 'immediate_locality_target_consistency': 0.25, 'immediate_portability': 2.5, 'immediate_rephrase': 0.5, 'normalized_history_auc': 0.2982954545454546}",True,"{'12031': {'final_history_efficacy': 0.0, 'final_pre_edit_output_consistency': 0.4815705120563507, 'immediate_efficacy': 3.0, 'immediate_locality_target_consistency': 0.5, 'immediate_portability': 3.0, 'immediate_rephrase': -2.0, 'normalized_history_auc': 0.9595959595959593}, '12032': {'final_history_efficacy': 1.5625, 'final_pre_edit_output_consistency': 0.7055927067995071, 'immediate_efficacy': 7.0, 'immediate_locality_target_consistency': 0.0, 'immediate_portability': 2.0, 'immediate_rephrase': 3.0, 'normalized_history_auc': -0.36300505050505016}}",,,,,,,
source_data/ke_lora_v36/development_selection_rank64.json,0.01,"{'final_history_efficacy': 0.78125, 'final_pre_edit_output_consistency': -0.15558330342173576, 'immediate_efficacy': -1.5, 'immediate_locality_target_consistency': -0.75, 'immediate_portability': 1.0, 'immediate_rephrase': -8.999999999999998, 'normalized_history_auc': 0.2982954545454546}",False,"{'12031': {'final_history_efficacy': 0.0, 'final_pre_edit_output_consistency': -0.34051816910505295, 'immediate_efficacy': -3.0, 'immediate_locality_target_consistency': 0.0, 'immediate_portability': 0.0, 'immediate_rephrase': -12.999999999999996, 'normalized_history_auc': 0.9595959595959593}, '12032': {'final_history_efficacy': 1.5625, 'final_pre_edit_output_consistency': 0.02935156226158142, 'immediate_efficacy': 0.0, 'immediate_locality_target_consistency': -1.5, 'immediate_portability': 2.0, 'immediate_rephrase': -5.0, 'normalized_history_auc': -0.36300505050505016}}",,,,,,,
source_data/ke_lora_v36/development_selection_rank64.json,0.03,"{'final_history_efficacy': 0.0, 'final_pre_edit_output_consistency': -0.16126399859786034, 'immediate_efficacy': 1.5, 'immediate_locality_target_consistency': 0.25, 'immediate_portability': 2.0, 'immediate_rephrase': 1.0, 'normalized_history_auc': 0.47979797979797967}",True,"{'12031': {'final_history_efficacy': 0.0, 'final_pre_edit_output_consistency': -0.3371322527527809, 'immediate_efficacy': 4.0, 'immediate_locality_target_consistency': 0.5, 'immediate_portability': 2.0, 'immediate_rephrase': -3.0, 'normalized_history_auc': 0.9595959595959593}, '12032': {'final_history_efficacy': 0.0, 'final_pre_edit_output_consistency': 0.014604255557060242, 'immediate_efficacy': -1.0, 'immediate_locality_target_consistency': 0.0, 'immediate_portability': 2.0, 'immediate_rephrase': 5.0, 'normalized_history_auc': 0.0}}",,,,,,,
source_data/ke_lora_v36/development_selection_rank64.json,0.1,"{'final_history_efficacy': 0.0, 'final_pre_edit_output_consistency': -0.1631641760468483, 'immediate_efficacy': -2.5, 'immediate_locality_target_consistency': 0.25, 'immediate_portability': 1.5, 'immediate_rephrase': -5.5, 'normalized_history_auc': -0.7828282828282831}",False,"{'12031': {'final_history_efficacy': 0.0, 'final_pre_edit_output_consistency': -0.3280036151409149, 'immediate_efficacy': 1.0, 'immediate_locality_target_consistency': 0.5, 'immediate_portability': 2.0, 'immediate_rephrase': -5.0, 'normalized_history_auc': -0.8080808080808084}, '12032': {'final_history_efficacy': 0.0, 'final_pre_edit_output_consistency': 0.0016752630472183228, 'immediate_efficacy': -6.0, 'immediate_locality_target_consistency': 0.0, 'immediate_portability': 1.0, 'immediate_rephrase': -6.0, 'normalized_history_auc': -0.7575757575757578}}",,,,,,,
source_data/ke_lora_v36/development_selection_rank64.json,0.3,"{'final_history_efficacy': 0.78125, 'final_pre_edit_output_consistency': -0.1680111512541771, 'immediate_efficacy': -0.5, 'immediate_locality_target_consistency': -0.75, 'immediate_portability': -1.5, 'immediate_rephrase': -4.0, 'normalized_history_auc': -0.9895833333333335}",False,"{'12031': {'final_history_efficacy': 0.0, 'final_pre_edit_output_consistency': -0.3393419086933136, 'immediate_efficacy': 2.0, 'immediate_locality_target_consistency': -0.5, 'immediate_portability': 2.0, 'immediate_rephrase': -1.0, 'normalized_history_auc': -0.8080808080808084}, '12032': {'final_history_efficacy': 1.5625, 'final_pre_edit_output_consistency': 0.0033196061849594116, 'immediate_efficacy': -3.0, 'immediate_locality_target_consistency': -1.0, 'immediate_portability': -5.0, 'immediate_rephrase': -7.0, 'normalized_history_auc': -1.1710858585858586}}",,,,,,,
source_data/ke_lora_v36/development_selection_rank8.json,0.001,"{'final_history_efficacy': 0.0, 'final_pre_edit_output_consistency': -0.3856581635773182, 'immediate_efficacy': -1.4999999999999964, 'immediate_locality_target_consistency': -0.25, 'immediate_portability': 0.5, 'immediate_rephrase': -1.5, 'normalized_history_auc': -0.025252525252525082}",True,"{'12031': {'final_history_efficacy': 0.0, 'final_pre_edit_output_consistency': 0.001391395926475525, 'immediate_efficacy': 11.000000000000007, 'immediate_locality_target_consistency': 0.0, 'immediate_portability': 0.0, 'immediate_rephrase': 3.0, 'normalized_history_auc': 0.7575757575757578}, '12032': {'final_history_efficacy': 0.0, 'final_pre_edit_output_consistency': -0.7727077230811119, 'immediate_efficacy': -14.0, 'immediate_locality_target_consistency': -0.5, 'immediate_portability': 1.0, 'immediate_rephrase': -6.0, 'normalized_history_auc': -0.808080808080808}}",,,,,,,
source_data/ke_lora_v36/development_selection_rank8.json,0.003,"{'final_history_efficacy': 0.0, 'final_pre_edit_output_consistency': -0.40350938215851784, 'immediate_efficacy': 3.5000000000000036, 'immediate_locality_target_consistency': -0.25, 'immediate_portability': 0.0, 'immediate_rephrase': 5.5, 'normalized_history_auc': 0.3787878787878789}",True,"{'12031': {'final_history_efficacy': 0.0, 'final_pre_edit_output_consistency': 0.04663728177547455, 'immediate_efficacy': 17.000000000000007, 'immediate_locality_target_consistency': -1.0, 'immediate_portability': 0.0, 'immediate_rephrase': 10.0, 'normalized_history_auc': 0.7575757575757578}, '12032': {'final_history_efficacy': 0.0, 'final_pre_edit_output_consistency': -0.8536560460925102, 'immediate_efficacy': -10.0, 'immediate_locality_target_consistency': 0.5, 'immediate_portability': 0.0, 'immediate_rephrase': 1.0, 'normalized_history_auc': 0.0}}",,,,,,,
source_data/ke_lora_v36/development_selection_rank8.json,0.01,"{'final_history_efficacy': 0.78125, 'final_pre_edit_output_consistency': -0.4404456354677677, 'immediate_efficacy': -4.4999999999999964, 'immediate_locality_target_consistency': 0.0, 'immediate_portability': -1.0, 'immediate_rephrase': -1.5, 'normalized_history_auc': 0.1972853535353538}",False,"{'12031': {'final_history_efficacy': 0.0, 'final_pre_edit_output_consistency': 1.7136335372924805e-05, 'immediate_efficacy': -9.999999999999993, 'immediate_locality_target_consistency': 0.0, 'immediate_portability': 1.0, 'immediate_rephrase': -7.0, 'normalized_history_auc': 0.0}, '12032': {'final_history_efficacy': 1.5625, 'final_pre_edit_output_consistency': -0.8809084072709084, 'immediate_efficacy': 1.0, 'immediate_locality_target_consistency': 0.0, 'immediate_portability': -3.0, 'immediate_rephrase': 4.0, 'normalized_history_auc': 0.3945707070707076}}",,,,,,,
source_data/ke_lora_v36/development_selection_rank8.json,0.03,"{'final_history_efficacy': 0.78125, 'final_pre_edit_output_consistency': -0.44034067541360855, 'immediate_efficacy': 8.000000000000004, 'immediate_locality_target_consistency': 0.0, 'immediate_portability': -0.5, 'immediate_rephrase': 2.0, 'normalized_history_auc': 0.9801136363636367}",True,"{'12031': {'final_history_efficacy': 0.0, 'final_pre_edit_output_consistency': 7.7858567237854e-05, 'immediate_efficacy': 16.000000000000007, 'immediate_locality_target_consistency': 0.0, 'immediate_portability': 1.0, 'immediate_rephrase': 6.0, 'normalized_history_auc': 1.5656565656565657}, '12032': {'final_history_efficacy': 1.5625, 'final_pre_edit_output_consistency': -0.880759209394455, 'immediate_efficacy': 0.0, 'immediate_locality_target_consistency': 0.0, 'immediate_portability': -2.0, 'immediate_rephrase': -2.0, 'normalized_history_auc': 0.3945707070707076}}",,,,,,,
source_data/ke_lora_v36/development_selection_rank8.json,0.1,"{'final_history_efficacy': 0.78125, 'final_pre_edit_output_consistency': -0.4150046035647392, 'immediate_efficacy': 14.500000000000004, 'immediate_locality_target_consistency': -0.5, 'immediate_portability': -0.5, 'immediate_rephrase': 8.0, 'normalized_history_auc': 0.5760732323232327}",True,"{'12031': {'final_history_efficacy': 0.0, 'final_pre_edit_output_consistency': 0.002100318670272827, 'immediate_efficacy': 20.000000000000007, 'immediate_locality_target_consistency': 0.5, 'immediate_portability': 0.0, 'immediate_rephrase': 6.0, 'normalized_history_auc': 0.7575757575757578}, '12032': {'final_history_efficacy': 1.5625, 'final_pre_edit_output_consistency': -0.8321095257997513, 'immediate_efficacy': 9.0, 'immediate_locality_target_consistency': -1.5, 'immediate_portability': -1.0, 'immediate_rephrase': 10.0, 'normalized_history_auc': 0.3945707070707076}}",,,,,,,
source_data/ke_lora_v36/development_selection_rank8.json,0.3,"{'final_history_efficacy': 0.78125, 'final_pre_edit_output_consistency': -0.40829116478562355, 'immediate_efficacy': 10.500000000000004, 'immediate_locality_target_consistency': -0.25, 'immediate_portability': -1.0, 'immediate_rephrase': 9.0, 'normalized_history_auc': 0.5760732323232327}",True,"{'12031': {'final_history_efficacy': 0.0, 'final_pre_edit_output_consistency': 0.0339483842253685, 'immediate_efficacy': 8.000000000000007, 'immediate_locality_target_consistency': -0.5, 'immediate_portability': -1.0, 'immediate_rephrase': 5.0, 'normalized_history_auc': 0.7575757575757578}, '12032': {'final_history_efficacy': 1.5625, 'final_pre_edit_output_consistency': -0.8505307137966156, 'immediate_efficacy': 13.0, 'immediate_locality_target_consistency': 0.0, 'immediate_portability': -1.0, 'immediate_rephrase': 13.0, 'normalized_history_auc': 0.3945707070707076}}",,,,,,,
source_data/figure5_20260905/remote/zsre_rank40_effloc/development_selection.json,0.024,"{'efficacy': 5.25, 'final_history': 0.25, 'locality': -3.25278309173882, 'locality_target_consistency': 0.25, 'portability': -0.25, 'rephrase': -1.9999999999999982}",,"{'16101': {'efficacy': 4.0, 'final_history': 1.0, 'locality': -13.138171657919884, 'locality_target_consistency': 0.0, 'portability': -4.0, 'rephrase': 4.000000000000007}, '16102': {'efficacy': 4.0, 'final_history': 0.0, 'locality': -0.40792524814605713, 'locality_target_consistency': 0.0, 'portability': -2.9999999999999982, 'rephrase': 3.999999999999993}, '16103': {'efficacy': 6.0, 'final_history': 0.0, 'locality': 0.5077144131064415, 'locality_target_consistency': 0.5, 'portability': 1.9999999999999982, 'rephrase': -8.0}, '16104': {'efficacy': 7.0, 'final_history': 0.0, 'locality': 0.027250126004219055, 'locality_target_consistency': 0.5, 'portability': 4.0, 'rephrase': -7.999999999999993}}",-6.50556618347764,4,False,0.0025,2,60,8
source_data/figure5_20260905/remote/zsre_rank40_effloc/development_selection.json,0.036,"{'efficacy': 7.0, 'final_history': 0.0, 'locality': -1.1568021029233932, 'locality_target_consistency': 0.125, 'portability': 0.24999999999999956, 'rephrase': 3.552713678800501e-15}",,"{'16101': {'efficacy': 8.0, 'final_history': 0.0, 'locality': -4.056948237121105, 'locality_target_consistency': 0.0, 'portability': 1.0, 'rephrase': -1.9999999999999858}, '16102': {'efficacy': 1.0, 'final_history': 0.0, 'locality': -0.6058802828192711, 'locality_target_consistency': 0.0, 'portability': -4.0, 'rephrase': 4.999999999999993}, '16103': {'efficacy': 9.0, 'final_history': 0.0, 'locality': -0.00691637396812439, 'locality_target_consistency': 1.0, 'portability': 3.9999999999999982, 'rephrase': 4.0}, '16104': {'efficacy': 10.0, 'final_history': 0.0, 'locality': 0.04253648221492767, 'locality_target_consistency': -0.5, 'portability': 0.0, 'rephrase': -6.999999999999993}}",-2.3136042058467865,4,False,0.0025,1,60,8
source_data/figure5_20260905/remote/zsre_rank40_effloc/development_selection.json,0.048,"{'efficacy': 8.25, 'final_history': 0.5, 'locality': -1.2184982653707266, 'locality_target_consistency': 0.25, 'portability': -2.75, 'rephrase': -1.0000000000000018}",,"{'16101': {'efficacy': 9.0, 'final_history': 1.0, 'locality': -5.449898540973663, 'locality_target_consistency': 0.5, 'portability': -4.0, 'rephrase': 1.0}, '16102': {'efficacy': 5.0, 'final_history': 0.0, 'locality': 0.23634843528270721, 'locality_target_consistency': 0.5, 'portability': -4.0, 'rephrase': 3.999999999999993}, '16103': {'efficacy': 8.0, 'final_history': 0.0, 'locality': 0.2030128613114357, 'locality_target_consistency': 0.0, 'portability': -1.0000000000000018, 'rephrase': -10.0}, '16104': {'efficacy': 11.0, 'final_history': 1.0, 'locality': 0.13654418289661407, 'locality_target_consistency': 0.0, 'portability': -1.9999999999999982, 'rephrase': 1.0}}",-2.436996530741453,4,False,0.0025,3,60,8
source_data/figure5_20260905/remote/zsre_rank40_effloc/development_selection.json,0.064,"{'efficacy': 8.0, 'final_history': 0.5, 'locality': -2.914548432454467, 'locality_target_consistency': 0.5, 'portability': -1.5000000000000004, 'rephrase': 2.5000000000000036}",,"{'16101': {'efficacy': 7.0, 'final_history': 2.0, 'locality': -11.409309692680836, 'locality_target_consistency': 0.0, 'portability': 0.0, 'rephrase': 10.000000000000007}, '16102': {'efficacy': 4.0, 'final_history': 0.0, 'locality': -0.3262164071202278, 'locality_target_consistency': -0.5, 'portability': -5.0, 'rephrase': -5.0}, '16103': {'efficacy': 9.0, 'final_history': 0.0, 'locality': 0.04171431064605713, 'locality_target_consistency': 2.0, 'portability': -1.0000000000000018, 'rephrase': 8.0}, '16104': {'efficacy': 12.0, 'final_history': 0.0, 'locality': 0.03561805933713913, 'locality_target_consistency': 0.5, 'portability': 0.0, 'rephrase': -2.999999999999993}}",-5.829096864908934,4,False,0.0025,2,60,8
source_data/figure5_20260905/remote/zsre_rank40_effloc/development_selection.json,0.024,"{'efficacy': 4.0, 'final_history': 0.25, 'locality': 1.7210275400429964, 'locality_target_consistency': 0.375, 'portability': -2.5000000000000004, 'rephrase': -3.0}",,"{'16101': {'efficacy': 22.0, 'final_history': 0.0, 'locality': 6.1892397701740265, 'locality_target_consistency': 0.5, 'portability': -4.000000000000002, 'rephrase': -2.0}, '16102': {'efficacy': -8.0, 'final_history': 2.0, 'locality': 0.26605650782585144, 'locality_target_consistency': -0.5, 'portability': -3.0, 'rephrase': -18.0}, '16103': {'efficacy': -2.0, 'final_history': -1.0, 'locality': 0.2379734069108963, 'locality_target_consistency': 1.5, 'portability': -2.0, 'rephrase': 10.0}, '16104': {'efficacy': 4.0, 'final_history': 0.0, 'locality': 0.1908404752612114, 'locality_target_consistency': 0.0, 'portability': -1.0, 'rephrase': -2.0}}",0.8,2,False,0.0035,4,60,8
source_data/figure5_20260905/remote/zsre_rank40_effloc/development_selection.json,0.036,"{'efficacy': 8.25, 'final_history': -0.25, 'locality': 2.221389766782522, 'locality_target_consistency': 0.625, 'portability': -1.4999999999999996, 'rephrase': -1.75}",,"{'16101': {'efficacy': 24.0, 'final_history': -1.0, 'locality': 8.40980913490057, 'locality_target_consistency': 1.0, 'portability': 0.0, 'rephrase': 6.0}, '16102': {'efficacy': 5.0, 'final_history': 0.0, 'locality': 0.40711797773838043, 'locality_target_consistency': 0.0, 'portability': 1.0, 'rephrase': -5.0}, '16103': {'efficacy': 3.0, 'final_history': 0.0, 'locality': 0.020224973559379578, 'locality_target_consistency': 1.0, 'portability': -3.0, 'rephrase': -3.0}, '16104': {'efficacy': 1.0, 'final_history': 0.0, 'locality': 0.04840698093175888, 'locality_target_consistency': 0.5, 'portability': -3.9999999999999982, 'rephrase': -5.0}}",1.65,4,False,0.0035,4,60,8
source_data/figure5_20260905/remote/zsre_rank40_effloc/development_selection.json,0.048,"{'efficacy': 3.75, 'final_history': -0.25, 'locality': 2.110293973237276, 'locality_target_consistency': 0.0, 'portability': -3.7500000000000004, 'rephrase': -6.250000000000001}",,"{'16101': {'efficacy': 18.0, 'final_history': -1.0, 'locality': 9.065894037485123, 'locality_target_consistency': 0.5, 'portability': -4.000000000000002, 'rephrase': 3.0}, '16102': {'efficacy': 2.0, 'final_history': 0.0, 'locality': -0.665978342294693, 'locality_target_consistency': -1.0, 'portability': 0.0, 'rephrase': -12.0}, '16103': {'efficacy': 4.0, 'final_history': 0.0, 'locality': -0.011194124817848206, 'locality_target_consistency': 0.5, 'portability': -5.0, 'rephrase': 8.0}, '16104': {'efficacy': -9.0, 'final_history': 0.0, 'locality': 0.05245432257652283, 'locality_target_consistency': 0.0, 'portability': -6.0, 'rephrase': -24.000000000000004}}",0.75,3,False,0.0035,2,60,8
source_data/figure5_20260905/remote/zsre_rank40_effloc/development_selection.json,0.064,"{'efficacy': 10.25, 'final_history': 0.0, 'locality': -0.05920589901506901, 'locality_target_consistency': 0.0, 'portability': -2.5000000000000004, 'rephrase': 2.0000000000000018}",,"{'16101': {'efficacy': 22.0, 'final_history': 0.0, 'locality': 0.11631045490503311, 'locality_target_consistency': 0.0, 'portability': -2.0000000000000018, 'rephrase': 10.0}, '16102': {'efficacy': 17.0, 'final_history': 0.0, 'locality': -0.38444045931100845, 'locality_target_consistency': 0.0, 'portability': 3.0, 'rephrase': 2.000000000000007}, '16103': {'efficacy': 11.0, 'final_history': 0.0, 'locality': 0.02948623150587082, 'locality_target_consistency': 0.0, 'portability': -5.0, 'rephrase': 15.0}, '16104': {'efficacy': -9.0, 'final_history': 0.0, 'locality': 0.0018201768398284912, 'locality_target_consistency': 0.0, 'portability': -6.0, 'rephrase': -19.0}}",-0.11841179803013802,3,False,0.0035,3,60,8
source_data/figure5_20260905/remote/zsre_rank40_effloc/development_selection.json,0.024,"{'efficacy': -2.5, 'final_history': 0.0, 'locality': 1.9139026757329702, 'locality_target_consistency': 0.0, 'portability': -1.0, 'rephrase': -1.4999999999999982}",,"{'16101': {'efficacy': 6.0, 'final_history': 0.0, 'locality': 8.644137717783451, 'locality_target_consistency': 0.0, 'portability': 1.0, 'rephrase': 13.0}, '16102': {'efficacy': 5.0, 'final_history': 0.0, 'locality': -0.03250539302825928, 'locality_target_consistency': 0.5, 'portability': 0.9999999999999982, 'rephrase': 3.0}, '16103': {'efficacy': -13.0, 'final_history': 0.0, 'locality': -0.9118877351284027, 'locality_target_consistency': 0.0, 'portability': -5.0, 'rephrase': -17.999999999999993}, '16104': {'efficacy': -8.0, 'final_history': 0.0, 'locality': -0.04413388669490814, 'locality_target_consistency': -0.5, 'portability': -0.9999999999999982, 'rephrase': -4.0}}",-0.5,2,False,0.005,1,60,8
source_data/figure5_20260905/remote/zsre_rank40_effloc/development_selection.json,0.036,"{'efficacy': 3.25, 'final_history': 0.0, 'locality': 1.30656398832798, 'locality_target_consistency': 0.125, 'portability': -1.5, 'rephrase': 2.0}",,"{'16101': {'efficacy': 11.0, 'final_history': 0.0, 'locality': 7.238827273249626, 'locality_target_consistency': 0.0, 'portability': 1.0, 'rephrase': 8.0}, '16102': {'efficacy': 3.0, 'final_history': 0.0, 'locality': -0.9027069434523582, 'locality_target_consistency': 0.0, 'portability': -1.0000000000000018, 'rephrase': 12.999999999999993}, '16103': {'efficacy': 2.0, 'final_history': 0.0, 'locality': -0.8313056081533432, 'locality_target_consistency': 0.5, 'portability': -5.0, 'rephrase': -14.999999999999993}, '16104': {'efficacy': -3.0, 'final_history': 0.0, 'locality': -0.27855876833200455, 'locality_target_consistency': 0.0, 'portability': -0.9999999999999982, 'rephrase': 2.0}}",0.65,3,False,0.005,1,60,8
source_data/figure5_20260905/remote/zsre_rank40_effloc/development_selection.json,0.048,"{'efficacy': -3.25, 'final_history': 0.25, 'locality': -0.07771425880491734, 'locality_target_consistency': 0.375, 'portability': -1.0000000000000004, 'rephrase': 0.5000000000000018}",,"{'16101': {'efficacy': 11.0, 'final_history': 0.0, 'locality': 0.46583786606788635, 'locality_target_consistency': 0.5, 'portability': 1.0, 'rephrase': 1.0}, '16102': {'efficacy': 4.0, 'final_history': 0.0, 'locality': 0.4180915653705597, 'locality_target_consistency': 1.0, 'portability': 1.9999999999999982, 'rephrase': 24.0}, '16103': {'efficacy': -11.0, 'final_history': 0.0, 'locality': -0.9113403037190437, 'locality_target_consistency': 0.5, 'portability': -4.0, 'rephrase': -18.999999999999993}, '16104': {'efficacy': -17.0, 'final_history': 1.0, 'locality': -0.28344616293907166, 'locality_target_consistency': -0.5, 'portability': -3.0, 'rephrase': -4.0}}",-0.65,2,False,0.005,2,60,8
source_data/figure5_20260905/remote/zsre_rank40_effloc/development_selection.json,0.064,"{'efficacy': 6.5, 'final_history': 0.0, 'locality': 0.5440981592983007, 'locality_target_consistency': 0.25, 'portability': 0.25, 'rephrase': -0.25}",,"{'16101': {'efficacy': 15.0, 'final_history': 0.0, 'locality': 2.971912734210491, 'locality_target_consistency': 0.5, 'portability': 1.0, 'rephrase': 3.0}, '16102': {'efficacy': 9.0, 'final_history': 0.0, 'locality': -0.08333306759595871, 'locality_target_consistency': 0.5, 'portability': 0.0, 'rephrase': 11.999999999999993}, '16103': {'efficacy': 4.0, 'final_history': 0.0, 'locality': -0.5087725818157196, 'locality_target_consistency': 1.0, 'portability': 0.0, 'rephrase': -8.999999999999993}, '16104': {'efficacy': -2.0, 'final_history': 0.0, 'locality': -0.2034144476056099, 'locality_target_consistency': -1.0, 'portability': 0.0, 'rephrase': -7.0}}",1.0881963185966015,3,False,0.005,1,60,8
source_data/figure5_20260905/remote/zsre_rank40_effloc/development_selection.json,0.024,"{'efficacy': 0.5, 'final_history': 0.0, 'locality': 3.0082585755735636, 'locality_target_consistency': 0.25, 'portability': 0.7500000000000004, 'rephrase': -1.0}",,"{'16101': {'efficacy': -5.0, 'final_history': 0.0, 'locality': 10.211903974413872, 'locality_target_consistency': 0.5, 'portability': -1.0, 'rephrase': -4.0}, '16102': {'efficacy': 10.0, 'final_history': 0.0, 'locality': 2.0338861271739006, 'locality_target_consistency': 1.0, 'portability': 5.0, 'rephrase': 18.0}, '16103': {'efficacy': -3.0, 'final_history': 0.0, 'locality': -0.2658700570464134, 'locality_target_consistency': -0.5, 'portability': -2.0, 'rephrase': -17.0}, '16104': {'efficacy': 0.0, 'final_history': 0.0, 'locality': 0.053114257752895355, 'locality_target_consistency': 0.0, 'portability': 1.0000000000000018, 'rephrase': -1.0}}",0.1,2,False,0.0025,3,60,40
source_data/figure5_20260905/remote/zsre_rank40_effloc/development_selection.json,0.036,"{'efficacy': 0.5, 'final_history': 0.25, 'locality': 1.3870713766664267, 'locality_target_consistency': -0.125, 'portability': 0.5000000000000004, 'rephrase': -0.5}",,"{'16101': {'efficacy': 6.0, 'final_history': 1.0, 'locality': 6.498653814196587, 'locality_target_consistency': 0.0, 'portability': 2.0, 'rephrase': 13.0}, '16102': {'efficacy': -4.0, 'final_history': 0.0, 'locality': -0.8048910647630692, 'locality_target_consistency': 0.5, 'portability': -2.0, 'rephrase': -10.0}, '16103': {'efficacy': -3.0, 'final_history': 0.0, 'locality': -0.2570103853940964, 'locality_target_consistency': -0.5, 'portability': 1.0, 'rephrase': -6.0}, '16104': {'efficacy': 3.0, 'final_history': 0.0, 'locality': 0.11153314262628555, 'locality_target_consistency': -0.5, 'portability': 1.0000000000000018, 'rephrase': 1.0}}",0.1,2,False,0.0025,2,60,40
source_data/figure5_20260905/remote/zsre_rank40_effloc/development_selection.json,0.048,"{'efficacy': 3.0, 'final_history': 0.75, 'locality': 0.2216192428022623, 'locality_target_consistency': -0.125, 'portability': 2.250000000000001, 'rephrase': -2.25}",,"{'16101': {'efficacy': -2.0, 'final_history': 0.0, 'locality': 0.2949357032775879, 'locality_target_consistency': 0.5, 'portability': 4.0, 'rephrase': 2.0}, '16102': {'efficacy': 3.0, 'final_history': 2.0, 'locality': 0.5072182044386864, 'locality_target_consistency': 0.0, 'portability': 0.0, 'rephrase': -6.0}, '16103': {'efficacy': 5.0, 'final_history': 1.0, 'locality': 0.03463961184024811, 'locality_target_consistency': 0.0, 'portability': 4.000000000000002, 'rephrase': -3.0}, '16104': {'efficacy': 6.0, 'final_history': 0.0, 'locality': 0.049683451652526855, 'locality_target_consistency': -1.0, 'portability': 1.0000000000000018, 'rephrase': -2.0}}",0.4432384856045246,3,False,0.0025,4,60,40
source_data/figure5_20260905/remote/zsre_rank40_effloc/development_selection.json,0.064,"{'efficacy': 9.25, 'final_history': 0.0, 'locality': 3.0047718435525894, 'locality_target_consistency': -0.125, 'portability': 2.25, 'rephrase': 6.75}",,"{'16101': {'efficacy': 1.0, 'final_history': 0.0, 'locality': 11.650224588811398, 'locality_target_consistency': 0.0, 'portability': 2.0, 'rephrase': 5.0}, '16102': {'efficacy': 19.0, 'final_history': 0.0, 'locality': 0.6123151630163193, 'locality_target_consistency': 0.0, 'portability': 5.0, 'rephrase': 19.0}, '16103': {'efficacy': 0.0, 'final_history': 0.0, 'locality': -0.2435922622680664, 'locality_target_consistency': 0.5, 'portability': 2.0, 'rephrase': 1.0}, '16104': {'efficacy': 17.0, 'final_history': 0.0, 'locality': 0.00013988465070724487, 'locality_target_consistency': -1.0, 'portability': 0.0, 'rephrase': 2.0}}",1.85,4,True,0.0025,3,60,40
source_data/figure5_20260905/remote/zsre_rank40_effloc/development_selection.json,0.024,"{'efficacy': 7.9999999999999964, 'final_history': -0.25, 'locality': 0.16552829183638096, 'locality_target_consistency': -0.5, 'portability': -0.25, 'rephrase': -0.75}",,"{'16101': {'efficacy': -7.000000000000007, 'final_history': 0.0, 'locality': 0.0057132914662361145, 'locality_target_consistency': -0.5, 'portability': -3.0, 'rephrase': -6.0}, '16102': {'efficacy': 21.999999999999993, 'final_history': -1.0, 'locality': 0.34321118146181107, 'locality_target_consistency': -1.0, 'portability': 2.0, 'rephrase': 14.0}, '16103': {'efficacy': 14.0, 'final_history': 0.0, 'locality': 0.30773431062698364, 'locality_target_consistency': -0.5, 'portability': 0.0, 'rephrase': -3.0}, '16104': {'efficacy': 3.0, 'final_history': 0.0, 'locality': 0.0054543837904930115, 'locality_target_consistency': 0.0, 'portability': 0.0, 'rephrase': -8.0}}",0.3310565836727619,3,False,0.0035,4,60,40
source_data/figure5_20260905/remote/zsre_rank40_effloc/development_selection.json,0.036,"{'efficacy': 9.249999999999998, 'final_history': 0.0, 'locality': -0.4904929082840681, 'locality_target_consistency': -0.25, 'portability': 0.7500000000000002, 'rephrase': 2.5}",,"{'16101': {'efficacy': 7.0, 'final_history': 1.0, 'locality': -2.798748202621937, 'locality_target_consistency': -0.5, 'portability': -7.999999999999999, 'rephrase': -13.0}, '16102': {'efficacy': 20.999999999999993, 'final_history': 0.0, 'locality': 0.8377403020858765, 'locality_target_consistency': 0.0, 'portability': 6.0, 'rephrase': 21.0}, '16103': {'efficacy': 5.0, 'final_history': -1.0, 'locality': 0.0028599053621292114, 'locality_target_consistency': -0.5, 'portability': 2.0, 'rephrase': -2.0}, '16104': {'efficacy': 4.0, 'final_history': 0.0, 'locality': -0.0038236379623413086, 'locality_target_consistency': 0.0, 'portability': 3.0, 'rephrase': 4.0}}",-0.9809858165681362,4,False,0.0035,2,60,40
source_data/figure5_20260905/remote/zsre_rank40_effloc/development_selection.json,0.048,"{'efficacy': 7.499999999999998, 'final_history': 0.0, 'locality': 0.09512826800346375, 'locality_target_consistency': 0.375, 'portability': 0.75, 'rephrase': 2.75}",,"{'16101': {'efficacy': 9.0, 'final_history': 1.0, 'locality': -0.836600549519062, 'locality_target_consistency': 0.5, 'portability': 0.0, 'rephrase': 8.0}, '16102': {'efficacy': 23.999999999999993, 'final_history': 0.0, 'locality': 0.7574474439024925, 'locality_target_consistency': 0.0, 'portability': -1.0, 'rephrase': 5.0}, '16103': {'efficacy': -4.0, 'final_history': -1.0, 'locality': 0.40178652852773666, 'locality_target_consistency': 0.5, 'portability': 0.0, 'rephrase': -3.0}, '16104': {'efficacy': 1.0, 'final_history': 0.0, 'locality': 0.057879649102687836, 'locality_target_consistency': 0.5, 'portability': 4.0, 'rephrase': 1.0}}",0.1902565360069275,3,False,0.0035,3,60,40
source_data/figure5_20260905/remote/zsre_rank40_effloc/development_selection.json,0.064,"{'efficacy': 15.499999999999998, 'final_history': 0.0, 'locality': 0.2301500178873539, 'locality_target_consistency': 0.5, 'portability': 2.0000000000000004, 'rephrase': 9.999999999999998}",,"{'16101': {'efficacy': 10.0, 'final_history': 1.0, 'locality': 0.05969684571027756, 'locality_target_consistency': -0.5, 'portability': 1.0, 'rephrase': 7.0}, '16102': {'efficacy': 22.999999999999993, 'final_history': 0.0, 'locality': 0.8641518652439117, 'locality_target_consistency': 1.0, 'portability': 4.0, 'rephrase': 14.0}, '16103': {'efficacy': 5.0, 'final_history': -1.0, 'locality': -0.0009270384907722473, 'locality_target_consistency': 1.0, 'portability': 4.000000000000002, 'rephrase': 6.999999999999993}, '16104': {'efficacy': 24.0, 'final_history': 0.0, 'locality': -0.002321600914001465, 'locality_target_consistency': 0.5, 'portability': -1.0, 'rephrase': 12.0}}",0.4603000357747078,4,False,0.0035,2,60,40
source_data/figure5_20260905/remote/zsre_rank40_effloc/development_selection.json,0.024,"{'efficacy': 4.0, 'final_history': -0.25, 'locality': 0.03993650898337364, 'locality_target_consistency': -0.375, 'portability': -2.25, 'rephrase': 1.25}",,"{'16101': {'efficacy': 7.0, 'final_history': 0.0, 'locality': -0.31344126909971237, 'locality_target_consistency': 0.0, 'portability': 0.0, 'rephrase': 8.0}, '16102': {'efficacy': 0.0, 'final_history': 1.0, 'locality': -0.7005369290709496, 'locality_target_consistency': -1.0, 'portability': -4.0, 'rephrase': -5.0}, '16103': {'efficacy': 3.0, 'final_history': -1.0, 'locality': 0.048477016389369965, 'locality_target_consistency': -0.5, 'portability': -3.0, 'rephrase': 4.0}, '16104': {'efficacy': 6.0, 'final_history': -1.0, 'locality': 1.1252472177147865, 'locality_target_consistency': 0.0, 'portability': -2.0, 'rephrase': -2.0}}",0.07987301796674728,4,False,0.005,2,60,40
source_data/figure5_20260905/remote/zsre_rank40_effloc/development_selection.json,0.036,"{'efficacy': -2.5, 'final_history': -0.25, 'locality': -0.5682671908289194, 'locality_target_consistency': -0.125, 'portability': -3.0, 'rephrase': -7.25}",,"{'16101': {'efficacy': 3.0, 'final_history': 0.0, 'locality': -2.004626952111721, 'locality_target_consistency': 1.0, 'portability': -5.0, 'rephrase': 0.0}, '16102': {'efficacy': 0.0, 'final_history': 0.0, 'locality': -0.9391825646162033, 'locality_target_consistency': -1.0, 'portability': -5.0, 'rephrase': -7.0}, '16103': {'efficacy': -16.0, 'final_history': -1.0, 'locality': 0.6731702014803886, 'locality_target_consistency': -0.5, 'portability': 1.0, 'rephrase': -10.0}, '16104': {'efficacy': 3.0, 'final_history': 0.0, 'locality': -0.0024294480681419373, 'locality_target_consistency': 0.0, 'portability': -3.0, 'rephrase': -12.0}}",-1.1365343816578388,3,False,0.005,1,60,40
source_data/figure5_20260905/remote/zsre_rank40_effloc/development_selection.json,0.048,"{'efficacy': 8.000000000000002, 'final_history': 1.0, 'locality': 0.20954464562237263, 'locality_target_consistency': -0.25, 'portability': 0.25000000000000044, 'rephrase': 5.5}",,"{'16101': {'efficacy': 0.0, 'final_history': 0.0, 'locality': -0.47207530587911606, 'locality_target_consistency': 0.0, 'portability': 1.0000000000000018, 'rephrase': 9.0}, '16102': {'efficacy': -4.999999999999993, 'final_history': 4.0, 'locality': -0.9705502539873123, 'locality_target_consistency': -1.0, 'portability': -4.0, 'rephrase': -5.0}, '16103': {'efficacy': 2.0, 'final_history': 0.0, 'locality': -0.001809932291507721, 'locality_target_consistency': 0.0, 'portability': 2.0, 'rephrase': 4.0}, '16104': {'efficacy': 35.0, 'final_history': 0.0, 'locality': 2.2826140746474266, 'locality_target_consistency': 0.0, 'portability': 2.0, 'rephrase': 14.0}}",0.41908929124474525,3,False,0.005,1,60,40
source_data/figure5_20260905/remote/zsre_rank40_effloc/development_selection.json,0.064,"{'efficacy': 8.750000000000004, 'final_history': 0.25, 'locality': 0.5855245981365442, 'locality_target_consistency': -0.125, 'portability': 0.25000000000000044, 'rephrase': 4.75}",,"{'16101': {'efficacy': 0.0, 'final_history': 0.0, 'locality': 2.6683110743761063, 'locality_target_consistency': 0.0, 'portability': -1.0, 'rephrase': 7.0}, '16102': {'efficacy': 16.000000000000007, 'final_history': 1.0, 'locality': -0.3249458968639374, 'locality_target_consistency': -0.5, 'portability': -3.0, 'rephrase': 7.0}, '16103': {'efficacy': 5.0, 'final_history': 0.0, 'locality': -0.0018766149878501892, 'locality_target_consistency': 0.0, 'portability': 3.0000000000000018, 'rephrase': -4.0}, '16104': {'efficacy': 14.000000000000007, 'final_history': 0.0, 'locality': 0.0006098300218582153, 'locality_target_consistency': 0.0, 'portability': 2.0, 'rephrase': 9.0}}",1.1710491962730885,4,False,0.005,2,60,40
