cohort,rank,ssr_lambda,edit_count,metric,baseline_mean,baseline_ci95_low,baseline_ci95_high,ssr_mean,ssr_ci95_low,ssr_ci95_high,delta_mean,delta_ci95_low,delta_ci95_high
rank32_shared_250,32,0.03,1,history_efficacy,90.0,70.0,100.0,90.0,70.0,100.0,0.0,0.0,0.0
rank32_shared_250,32,0.03,1,pre_edit_output_consistency,19.36881134286523,17.89571247715503,21.14942028792575,19.339496195316315,17.863252898212522,21.14689842844382,-0.029315147548913956,-0.11280351458117364,0.040139988064765916
rank32_shared_250,32,0.03,1,immediate_efficacy,90.0,70.0,100.0,90.0,70.0,100.0,0.0,0.0,0.0
rank32_shared_250,32,0.03,1,immediate_rephrase,70.0,40.0,100.0,80.0,50.0,100.0,10.0,0.0,30.0
rank32_shared_250,32,0.03,1,immediate_portability,10.0,0.0,30.0,10.0,0.0,30.0,0.0,0.0,0.0
rank32_shared_250,32,0.03,1,immediate_locality_target_consistency,0.0,0.0,0.0,0.0,0.0,0.0,0.0,0.0,0.0
rank32_shared_250,32,0.03,2,history_efficacy,45.0,35.0,50.0,45.0,35.0,50.0,0.0,-15.0,15.0
rank32_shared_250,32,0.03,2,pre_edit_output_consistency,18.63203538581729,17.965494647156447,19.240638786926866,19.580625761300325,18.076641861349344,21.88525151461363,0.948590375483036,0.004572527948766947,2.769158996641636
rank32_shared_250,32,0.03,2,immediate_efficacy,90.0,75.0,100.0,90.0,75.0,100.0,0.0,-15.0,15.0
rank32_shared_250,32,0.03,2,immediate_rephrase,70.0,45.0,95.0,65.0,45.0,85.0,-5.0,-20.0,10.0
rank32_shared_250,32,0.03,2,immediate_portability,15.0,0.0,30.0,10.0,0.0,25.0,-5.0,-15.0,0.0
rank32_shared_250,32,0.03,2,immediate_locality_target_consistency,0.0,0.0,0.0,0.0,0.0,0.0,0.0,0.0,0.0
rank32_shared_250,32,0.03,5,history_efficacy,14.0,6.0,22.0,14.0,8.0,20.0,0.0,-10.0,10.0
rank32_shared_250,32,0.03,5,pre_edit_output_consistency,19.888671822845936,17.556167990434915,23.545419946312904,19.78302713483572,17.583621100522578,23.108191993087527,-0.10564468801021576,-0.3667428200133145,0.046680298633873435
rank32_shared_250,32,0.03,5,immediate_efficacy,74.0,62.0,86.0,78.0,70.0,86.0,4.0,-8.0,20.0
rank32_shared_250,32,0.03,5,immediate_rephrase,58.0,40.0,74.0,58.0,44.0,72.0,0.0,-10.0,10.0
rank32_shared_250,32,0.03,5,immediate_portability,16.0,8.0,26.0,12.0,2.0,22.0,-4.0,-10.0,0.0
rank32_shared_250,32,0.03,5,immediate_locality_target_consistency,0.0,0.0,0.0,0.0,0.0,0.0,0.0,0.0,0.0
rank32_shared_250,32,0.03,10,history_efficacy,8.0,5.0,10.0,7.0,4.0,10.0,-1.0,-4.0,2.0
rank32_shared_250,32,0.03,10,pre_edit_output_consistency,20.438024792820215,18.346084587275982,23.10668408498168,19.39968716353178,18.089111659210175,21.27876630332321,-1.038337629288435,-3.0325869657099247,0.07960306527093053
rank32_shared_250,32,0.03,10,immediate_efficacy,77.0,65.0,88.0,74.0,68.0,80.0,-3.0,-11.0,6.0
rank32_shared_250,32,0.03,10,immediate_rephrase,59.0,45.0,72.0,57.0,47.0,67.0,-2.0,-9.0,5.0
rank32_shared_250,32,0.03,10,immediate_portability,13.0,7.0,19.0,11.0,5.0,18.0,-2.0,-7.0,2.0
rank32_shared_250,32,0.03,10,immediate_locality_target_consistency,1.0,0.0,3.0,0.5,0.0,1.5,-0.5,-1.5,0.0
rank32_shared_250,32,0.03,25,history_efficacy,2.0,0.8,3.2,1.6,0.4,2.8,-0.4,-1.2,0.0
rank32_shared_250,32,0.03,25,pre_edit_output_consistency,19.812751337885857,17.742958365939558,22.40632426692173,18.67646872997284,16.88916587922722,21.338620218914002,-1.1362826079130173,-2.772647821344435,-0.062446631491184235
rank32_shared_250,32,0.03,25,immediate_efficacy,65.6,56.8,74.8,62.8,56.4,69.2,-2.7999999999999994,-14.4,6.800000000000002
rank32_shared_250,32,0.03,25,immediate_rephrase,48.4,43.2,53.6,47.2,41.2,53.2,-1.1999999999999986,-6.0,4.400000000000001
rank32_shared_250,32,0.03,25,immediate_portability,9.6,6.4,12.8,8.8,5.2,12.4,-0.8,-2.4,0.8
rank32_shared_250,32,0.03,25,immediate_locality_target_consistency,0.6,0.0,1.4,1.0,0.0,2.0,0.4,-0.4,1.4
rank32_shared_250,32,0.03,50,history_efficacy,1.0,0.4,1.6,1.0,0.4,1.6,0.0,-0.6,0.6
rank32_shared_250,32,0.03,50,pre_edit_output_consistency,19.434435088187456,18.479496455285698,20.609463788568974,19.526576194912195,18.130699863657355,21.56485971948132,0.09214110672473907,-0.9056932772509754,1.1987788691185415
rank32_shared_250,32,0.03,50,immediate_efficacy,54.2,46.8,62.4,56.8,51.4,62.0,2.6000000000000014,-9.2,11.400000000000002
rank32_shared_250,32,0.03,50,immediate_rephrase,40.6,36.0,45.8,43.2,37.8,48.8,2.6000000000000005,-3.8,8.8
rank32_shared_250,32,0.03,50,immediate_portability,9.0,6.8,11.6,9.6,6.4,12.6,0.6000000000000005,-1.5999999999999999,2.8000000000000007
rank32_shared_250,32,0.03,50,immediate_locality_target_consistency,0.5,0.0,1.4,0.7,0.0,1.4,0.2,-0.2,0.7
rank32_shared_250,32,0.03,100,history_efficacy,0.7,0.3,1.2,0.5,0.2,0.8,-0.2,-0.6,0.2
rank32_shared_250,32,0.03,100,pre_edit_output_consistency,19.311230424791574,17.99235126329586,20.61903269169852,19.271119832992554,18.0422847494483,20.460596947465092,-0.04011059179902077,-0.7448781095445156,0.6273041386157272
rank32_shared_250,32,0.03,100,immediate_efficacy,46.5,41.1,52.9,52.8,49.0,56.4,6.299999999999999,-3.1000000000000005,13.3
rank32_shared_250,32,0.03,100,immediate_rephrase,36.0,33.0,39.1,39.7,36.4,43.1,3.7,0.5,6.5
rank32_shared_250,32,0.03,100,immediate_portability,8.6,6.9,10.2,9.8,7.1,12.3,1.2000000000000002,-0.6000000000000003,3.1
rank32_shared_250,32,0.03,100,immediate_locality_target_consistency,0.55,0.15,1.05,0.45,0.15,0.8,-0.1,-0.5,0.25
rank32_shared_250,32,0.03,250,history_efficacy,0.234375,0.0,0.46875,0.234375,0.0,0.46875,0.0,-0.234375,0.234375
rank32_shared_250,32,0.03,250,pre_edit_output_consistency,20.63110003247857,18.618721563369036,22.859841603785753,21.13457713276148,18.700205637607723,23.667140118777752,0.5034771002829075,-1.3090875297784805,2.558936150278894
rank32_shared_250,32,0.03,250,immediate_efficacy,42.28,38.519999999999996,46.519999999999996,49.8,47.08,52.36,7.520000000000001,1.4000000000000028,12.480000000000004
rank32_shared_250,32,0.03,250,immediate_rephrase,32.24,29.440000000000005,34.88,36.36000000000001,33.760000000000005,38.84,4.120000000000001,1.0000000000000013,7.24
rank32_shared_250,32,0.03,250,immediate_portability,9.04,8.120000000000001,9.88,9.6,8.040000000000001,11.280000000000001,0.5600000000000005,-0.5199999999999992,1.7200000000000006
rank32_shared_250,32,0.03,250,immediate_locality_target_consistency,0.5000000000000001,0.18,0.8799999999999999,0.42000000000000004,0.26,0.6,-0.08,-0.34,0.13999999999999999
independent_100,8,0.03,1,history_efficacy,70.0,40.0,100.0,70.0,40.0,100.0,0.0,0.0,0.0
independent_100,8,0.03,1,pre_edit_output_consistency,20.2820042707026,18.586756461299956,21.935388178098947,20.278484504669905,18.524269331246614,21.96146127767861,-0.0035197660326957703,-0.06358244270086288,0.07461855560541152
independent_100,8,0.03,1,immediate_efficacy,70.0,40.0,100.0,70.0,40.0,90.0,0.0,0.0,0.0
independent_100,8,0.03,1,immediate_rephrase,50.0,20.0,80.0,40.0,10.0,70.0,-10.0,-30.0,0.0
independent_100,8,0.03,1,immediate_portability,0.0,0.0,0.0,0.0,0.0,0.0,0.0,0.0,0.0
independent_100,8,0.03,1,immediate_locality_target_consistency,0.0,0.0,0.0,0.0,0.0,0.0,0.0,0.0,0.0
independent_100,8,0.03,2,history_efficacy,45.0,35.0,50.0,50.0,50.0,50.0,5.0,0.0,15.0
independent_100,8,0.03,2,pre_edit_output_consistency,19.906046222895384,17.99957988737151,21.768835541326553,20.589610021561384,18.355393225792795,22.839634410571307,0.6835637986660004,-0.08899809513241053,1.735114290378987
independent_100,8,0.03,2,immediate_efficacy,80.0,65.0,95.0,85.0,70.0,100.0,5.0,0.0,15.0
independent_100,8,0.03,2,immediate_rephrase,60.0,40.0,80.0,60.0,40.0,80.0,0.0,-15.0,15.0
independent_100,8,0.03,2,immediate_portability,15.0,0.0,30.0,10.0,0.0,25.0,-5.0,-15.0,0.0
independent_100,8,0.03,2,immediate_locality_target_consistency,0.0,0.0,0.0,0.0,0.0,0.0,0.0,0.0,0.0
independent_100,8,0.03,5,history_efficacy,20.0,20.0,20.0,18.0,12.0,24.0,-2.0,-8.0,4.0
independent_100,8,0.03,5,pre_edit_output_consistency,20.730455685406923,18.102686358150095,23.498594583943486,21.396470367908478,18.66917770029977,24.19864747673273,0.6660146825015545,-0.06354395765811204,1.7560742609202862
independent_100,8,0.03,5,immediate_efficacy,88.0,82.0,94.0,90.0,84.0,96.0,2.0,-6.0,10.0
independent_100,8,0.03,5,immediate_rephrase,48.0,36.0,60.0,60.0,44.0,76.0,12.0,2.0,22.0
independent_100,8,0.03,5,immediate_portability,14.0,6.0,22.0,10.0,4.0,16.0,-4.0,-10.0,0.0
independent_100,8,0.03,5,immediate_locality_target_consistency,0.0,0.0,0.0,0.0,0.0,0.0,0.0,0.0,0.0
independent_100,8,0.03,10,history_efficacy,9.0,7.0,10.0,11.0,10.0,13.0,2.0,0.0,6.0
independent_100,8,0.03,10,pre_edit_output_consistency,18.982114288955927,17.505154305137694,20.295763050206006,19.405662268400192,17.61813396215439,21.233598817605525,0.42354797944426537,-0.03353930916637182,1.2537178159691393
independent_100,8,0.03,10,immediate_efficacy,85.0,76.0,93.0,91.0,87.0,95.0,6.0,-3.0,16.0
independent_100,8,0.03,10,immediate_rephrase,49.0,39.0,58.0,53.0,41.97500000000002,66.0,4.0,-6.0,13.0
independent_100,8,0.03,10,immediate_portability,12.0,8.0,17.0,13.0,8.0,19.0,1.0,-2.0,4.0
independent_100,8,0.03,10,immediate_locality_target_consistency,0.5,0.0,1.5,0.0,0.0,0.0,-0.5,-1.5,0.0
independent_100,8,0.03,25,history_efficacy,2.8,1.6,4.0,3.2,2.0,4.0,0.4,-0.8,1.6
independent_100,8,0.03,25,pre_edit_output_consistency,19.86878726631403,18.403783663176,21.49318670388311,20.651800241321325,18.783978241030127,22.73115166882053,0.7830129750072956,-0.025771496351808306,1.7715793712995946
independent_100,8,0.03,25,immediate_efficacy,79.2,73.6,84.8,86.8,82.0,90.8,7.6,1.6,13.6
independent_100,8,0.03,25,immediate_rephrase,45.6,40.4,50.8,51.2,46.4,56.4,5.6,-1.2000000000000006,12.000000000000004
independent_100,8,0.03,25,immediate_portability,8.0,5.6,10.8,8.0,6.0,10.4,0.0,-2.4,2.0
independent_100,8,0.03,25,immediate_locality_target_consistency,0.6,0.0,1.4,0.4,0.0,1.2,-0.2,-0.6,0.0
independent_100,8,0.03,50,history_efficacy,2.0,1.2,2.8,1.8,1.4,2.0,-0.2,-0.8,0.4
independent_100,8,0.03,50,pre_edit_output_consistency,20.23464871570468,17.946779537945986,22.630153520964086,20.295663680881262,17.811459543183446,23.051981941331174,0.061014965176582336,-0.7746034227311611,1.0381298512220383
independent_100,8,0.03,50,immediate_efficacy,75.4,70.8,80.0,87.8,83.2,91.6,12.4,6.2,19.0
independent_100,8,0.03,50,immediate_rephrase,43.8,39.0,49.0,50.4,44.6,56.4,6.6,-0.5999999999999993,14.2
independent_100,8,0.03,50,immediate_portability,8.4,5.8,11.4,8.8,7.4,10.4,0.4000000000000002,-2.2,3.0
independent_100,8,0.03,50,immediate_locality_target_consistency,0.6,0.0,1.2,0.5,0.0,1.0,-0.1,-0.3,0.0
independent_100,8,0.03,100,history_efficacy,1.09375,0.625,1.5625,1.09375,0.625,1.5625,0.0,-0.625,0.625
independent_100,8,0.03,100,pre_edit_output_consistency,19.50219100341201,18.099582694936544,20.689788522198796,19.793983194977045,18.16586112231016,21.497764400672168,0.2917921915650368,-0.3645903617143631,1.2485683523118496
independent_100,8,0.03,100,immediate_efficacy,69.4,64.7,73.8,81.5,76.9,85.3,12.1,7.4,17.9
independent_100,8,0.03,100,immediate_rephrase,42.3,38.3,45.9,49.0,44.597500000000004,53.80249999999996,6.7,1.2975000000000023,12.5
independent_100,8,0.03,100,immediate_portability,8.6,7.0,10.2,9.2,8.0,10.4,0.5999999999999999,-0.8,2.1
independent_100,8,0.03,100,immediate_locality_target_consistency,0.55,0.15,1.0,0.6,0.2,1.05,0.05,-0.3,0.35
independent_100,16,0.03,1,history_efficacy,90.0,70.0,100.0,90.0,70.0,100.0,0.0,0.0,0.0
independent_100,16,0.03,1,pre_edit_output_consistency,19.685821775346994,18.313235672190785,20.96458186581731,19.75102549418807,18.31443254929036,21.08452711487189,0.0652037188410759,0.0022983797825872902,0.15784307057037944
independent_100,16,0.03,1,immediate_efficacy,90.0,70.0,100.0,90.0,70.0,100.0,0.0,0.0,0.0
independent_100,16,0.03,1,immediate_rephrase,50.0,20.0,80.0,50.0,20.0,80.0,0.0,0.0,0.0
independent_100,16,0.03,1,immediate_portability,10.0,0.0,30.0,10.0,0.0,30.0,0.0,0.0,0.0
independent_100,16,0.03,1,immediate_locality_target_consistency,0.0,0.0,0.0,0.0,0.0,0.0,0.0,0.0,0.0
independent_100,16,0.03,2,history_efficacy,50.0,50.0,50.0,45.0,35.0,50.0,-5.0,-15.0,0.0
independent_100,16,0.03,2,pre_edit_output_consistency,20.81363333389163,18.325792919378728,23.516774150542915,20.198734756559134,17.68153217388317,23.25211309548467,-0.6148985773324966,-1.8367670103907585,0.5136117455549536
independent_100,16,0.03,2,immediate_efficacy,95.0,85.0,100.0,90.0,75.0,100.0,-5.0,-15.0,0.0
independent_100,16,0.03,2,immediate_rephrase,60.0,40.0,80.0,60.0,35.0,80.0,0.0,-20.0,20.0
independent_100,16,0.03,2,immediate_portability,10.0,0.0,25.0,15.0,0.0,30.0,5.0,0.0,15.0
independent_100,16,0.03,2,immediate_locality_target_consistency,0.0,0.0,0.0,0.0,0.0,0.0,0.0,0.0,0.0
independent_100,16,0.03,5,history_efficacy,20.0,20.0,20.0,16.0,10.0,20.0,-4.0,-10.0,0.0
independent_100,16,0.03,5,pre_edit_output_consistency,21.784333251416683,18.679698658641428,25.130898533388972,20.863550826907158,18.455072010867298,23.78299104049802,-0.9207824245095253,-2.98366047302261,0.28453560546040535
independent_100,16,0.03,5,immediate_efficacy,96.0,90.0,100.0,90.0,84.0,96.0,-6.0,-12.0,0.0
independent_100,16,0.03,5,immediate_rephrase,58.0,46.0,70.0,50.0,40.0,60.0,-8.0,-14.0,-2.0
independent_100,16,0.03,5,immediate_portability,12.0,4.0,22.0,14.0,4.0,24.0,2.0,-4.0,8.0
independent_100,16,0.03,5,immediate_locality_target_consistency,0.0,0.0,0.0,0.0,0.0,0.0,0.0,0.0,0.0
independent_100,16,0.03,10,history_efficacy,6.0,3.0,9.0,8.0,5.0,10.0,2.0,-3.0,6.0
independent_100,16,0.03,10,pre_edit_output_consistency,19.279350582510233,17.72054802067578,20.69296156615019,19.566749222576618,17.727381753269583,21.54748136550188,0.28739864006638527,-0.19922064105048776,1.0116685996763408
independent_100,16,0.03,10,immediate_efficacy,85.0,78.0,92.0,82.0,72.0,91.0,-3.0,-16.0,8.0
independent_100,16,0.03,10,immediate_rephrase,53.0,43.0,65.0,49.0,40.0,58.0,-4.0,-16.0,7.0
independent_100,16,0.03,10,immediate_portability,8.0,4.0,13.0,12.0,6.0,18.0,4.0,0.0,8.0
independent_100,16,0.03,10,immediate_locality_target_consistency,0.0,0.0,0.0,0.0,0.0,0.0,0.0,0.0,0.0
independent_100,16,0.03,25,history_efficacy,2.0,0.8,3.2,1.6,0.4,2.8,-0.4,-1.6,0.8
independent_100,16,0.03,25,pre_edit_output_consistency,20.59747837483883,18.57945518847555,22.818830610252917,20.052311811596155,18.49017519503832,21.436755157075822,-0.5451665632426739,-1.7904405053704977,0.21221986878663293
independent_100,16,0.03,25,immediate_efficacy,76.4,68.8,84.0,76.8,68.8,84.0,0.4000000000000014,-11.199999999999998,8.8
independent_100,16,0.03,25,immediate_rephrase,47.2,42.0,52.8,48.0,42.4,53.6,0.7999999999999993,-6.4,7.6
independent_100,16,0.03,25,immediate_portability,5.2,2.4,8.4,7.6,4.8,11.2,2.4,0.4,4.0
independent_100,16,0.03,25,immediate_locality_target_consistency,0.4,0.0,1.2,0.0,0.0,0.0,-0.4,-1.2,0.0
independent_100,16,0.03,50,history_efficacy,1.2,0.6,1.8,1.4,0.8,2.0,0.2,-0.4,0.8
independent_100,16,0.03,50,pre_edit_output_consistency,21.34065145626664,18.3753227815032,24.480152882169932,19.79466600343585,17.691024721600115,22.01968545699492,-1.5459854528307915,-2.7380464989691973,-0.41497976751998067
independent_100,16,0.03,50,immediate_efficacy,68.8,61.2,77.2,72.6,67.8,77.2,3.8,-5.6,12.6
independent_100,16,0.03,50,immediate_rephrase,44.0,39.2,48.4,44.2,41.0,47.4,0.2,-5.4,5.804999999999927
independent_100,16,0.03,50,immediate_portability,7.4,5.2,9.4,8.2,5.6,10.8,0.8000000000000002,-0.8,2.4000000000000004
independent_100,16,0.03,50,immediate_locality_target_consistency,0.2,0.0,0.6,0.2,0.0,0.6,0.0,-0.6,0.6
independent_100,16,0.03,100,history_efficacy,0.9375,0.46875,1.40625,0.78125,0.3125,1.25,-0.15625,-0.625,0.3125
independent_100,16,0.03,100,pre_edit_output_consistency,19.870059080421925,17.932984185870737,21.929464005399495,20.1792367734015,18.472495337482542,22.04148983536288,0.3091776929795742,-0.6351854745298624,1.5046692178584629
independent_100,16,0.03,100,immediate_efficacy,62.2,55.0,69.4,67.8,60.9,73.9,5.6,-3.900000000000001,14.9
independent_100,16,0.03,100,immediate_rephrase,41.2,36.4,45.9,43.5,40.7,46.0,2.3000000000000003,-4.6,9.4
independent_100,16,0.03,100,immediate_portability,7.6,6.5,8.7,8.3,6.8,9.8,0.6999999999999998,-0.6,2.2999999999999994
independent_100,16,0.03,100,immediate_locality_target_consistency,0.35,0.1,0.6,0.65,0.2,1.15,0.3,0.0,0.65
independent_100,32,0.03,1,history_efficacy,90.0,70.0,100.0,90.0,70.0,100.0,0.0,0.0,0.0
independent_100,32,0.03,1,pre_edit_output_consistency,19.96109902858734,18.227966260164976,21.662505238316953,19.925773926079273,18.197954943869263,21.654280946124345,-0.035325102508068085,-0.09621505485847592,0.011043896432965994
independent_100,32,0.03,1,immediate_efficacy,90.0,70.0,100.0,90.0,70.0,100.0,0.0,0.0,0.0
independent_100,32,0.03,1,immediate_rephrase,70.0,40.0,100.0,70.0,40.0,100.0,0.0,0.0,0.0
independent_100,32,0.03,1,immediate_portability,10.0,0.0,30.0,10.0,0.0,30.0,0.0,0.0,0.0
independent_100,32,0.03,1,immediate_locality_target_consistency,0.0,0.0,0.0,0.0,0.0,0.0,0.0,0.0,0.0
independent_100,32,0.03,2,history_efficacy,40.0,25.0,50.0,40.0,25.0,50.0,0.0,-15.0,15.0
independent_100,32,0.03,2,pre_edit_output_consistency,21.5999130345881,18.399762607179582,25.22416872344911,21.1779878847301,18.29909313423559,24.52579262200743,-0.4219251498579979,-1.2010653503239155,0.15549371764063816
independent_100,32,0.03,2,immediate_efficacy,85.0,70.0,100.0,85.0,70.0,100.0,0.0,-15.0,15.0
independent_100,32,0.03,2,immediate_rephrase,60.0,40.0,80.0,60.0,40.0,80.0,0.0,-15.0,15.0
independent_100,32,0.03,2,immediate_portability,10.0,0.0,25.0,20.0,5.0,35.0,10.0,0.0,25.0
independent_100,32,0.03,2,immediate_locality_target_consistency,0.0,0.0,0.0,0.0,0.0,0.0,0.0,0.0,0.0
independent_100,32,0.03,5,history_efficacy,14.0,8.0,20.0,14.0,8.0,20.0,0.0,-8.0,8.0
independent_100,32,0.03,5,pre_edit_output_consistency,21.04300271719694,18.598355462308973,23.730325656943023,21.68449103832245,18.724452894181013,25.02837457926944,0.6414883211255074,-0.2084137601777911,1.7750578206032515
independent_100,32,0.03,5,immediate_efficacy,84.0,70.0,94.0,82.0,74.0,90.0,-2.0,-14.0,10.0
independent_100,32,0.03,5,immediate_rephrase,58.0,42.0,76.0,50.0,36.0,66.0,-8.0,-20.0,4.0
independent_100,32,0.03,5,immediate_portability,12.0,2.0,22.0,12.0,4.0,20.0,0.0,-6.0,6.0
independent_100,32,0.03,5,immediate_locality_target_consistency,0.0,0.0,0.0,0.0,0.0,0.0,0.0,0.0,0.0
independent_100,32,0.03,10,history_efficacy,5.0,2.0,8.0,6.0,3.0,9.0,1.0,-2.0,4.0
independent_100,32,0.03,10,pre_edit_output_consistency,19.784505423158407,18.108453125692904,21.476424612104893,19.2125703394413,17.648414575029165,20.697355550713837,-0.5719350837171078,-1.1440723771229386,-0.005999005865305737
independent_100,32,0.03,10,immediate_efficacy,73.0,63.0,84.0,74.0,65.0,83.0,1.0,-14.0,15.0
independent_100,32,0.03,10,immediate_rephrase,52.0,43.0,62.0,46.0,35.0,56.0,-6.0,-15.0,3.0
independent_100,32,0.03,10,immediate_portability,12.0,7.0,17.0,11.0,7.0,15.0,-1.0,-7.0,4.0
independent_100,32,0.03,10,immediate_locality_target_consistency,0.0,0.0,0.0,0.0,0.0,0.0,0.0,0.0,0.0
independent_100,32,0.03,25,history_efficacy,2.0,0.8,3.2,1.6,0.4,2.8,-0.4,-1.2,0.0
independent_100,32,0.03,25,pre_edit_output_consistency,20.012891702353954,18.072410008404404,22.29935032641515,19.856106266379356,17.90527517022565,22.079087561462075,-0.15678543597459793,-0.3709652740508318,0.028107699006795876
independent_100,32,0.03,25,immediate_efficacy,64.4,58.0,71.6,67.6,60.8,72.8,3.1999999999999993,-10.4,14.8
independent_100,32,0.03,25,immediate_rephrase,44.0,37.2,50.8,42.0,38.8,45.6,-2.0,-9.6,4.8
independent_100,32,0.03,25,immediate_portability,6.4,4.0,8.8,8.0,5.6,10.4,1.6,-1.6,4.8
independent_100,32,0.03,25,immediate_locality_target_consistency,0.0,0.0,0.0,0.2,0.0,0.6,0.2,0.0,0.6
independent_100,32,0.03,50,history_efficacy,1.2,0.6,1.8,1.4,0.8,2.0,0.2,0.0,0.6
independent_100,32,0.03,50,pre_edit_output_consistency,20.58304214850068,18.01650496944785,23.386747034732252,20.09137088432908,17.89389481721446,22.588611593469977,-0.49167126417160034,-1.3717629062011838,0.06858373060822487
independent_100,32,0.03,50,immediate_efficacy,58.4,50.6,66.8,62.8,56.8,68.2,4.4,-8.2,15.4
independent_100,32,0.03,50,immediate_rephrase,40.6,35.8,46.0,41.6,37.4,45.8,1.0000000000000007,-5.1999999999999975,6.6
independent_100,32,0.03,50,immediate_portability,7.2,5.2,9.4,9.0,7.4,10.6,1.8,0.0,3.4
independent_100,32,0.03,50,immediate_locality_target_consistency,0.2,0.0,0.6,0.6,0.0,1.3,0.4,0.0,1.0
independent_100,32,0.03,100,history_efficacy,0.78125,0.3125,1.25,0.9375,0.46875,1.40625,0.15625,-0.3125,0.625
independent_100,32,0.03,100,pre_edit_output_consistency,19.764446076005697,17.82653909549117,21.942067506723106,19.646836761385202,17.797982649877667,21.539102419279516,-0.11760931462049484,-0.5422051586210728,0.2548407460562884
independent_100,32,0.03,100,immediate_efficacy,54.2,46.4,63.1,58.9,54.1,63.6,4.700000000000001,-6.1,14.7
independent_100,32,0.03,100,immediate_rephrase,39.9,35.7,44.5,42.4,38.7,46.0,2.499999999999999,-3.500000000000002,7.8
independent_100,32,0.03,100,immediate_portability,8.0,6.1,9.902499999999964,9.5,8.5,10.6,1.4999999999999996,-2.6867397195928585e-16,3.0
independent_100,32,0.03,100,immediate_locality_target_consistency,0.4,0.1,0.75,0.7,0.25,1.2012499999999817,0.3,-0.1,0.85
independent_100,64,0.03,1,history_efficacy,90.0,70.0,100.0,80.0,50.0,100.0,-10.0,-30.0,0.0
independent_100,64,0.03,1,pre_edit_output_consistency,20.500563643872738,18.669948536437005,22.28422749368474,20.530745442956686,18.709810147993267,22.330105413217098,0.030181799083948135,0.000857178121805191,0.07026062859222292
independent_100,64,0.03,1,immediate_efficacy,90.0,70.0,100.0,80.0,50.0,100.0,-10.0,-30.0,0.0
independent_100,64,0.03,1,immediate_rephrase,50.0,20.0,80.0,50.0,20.0,80.0,0.0,0.0,0.0
independent_100,64,0.03,1,immediate_portability,10.0,0.0,30.0,10.0,0.0,30.0,0.0,0.0,0.0
independent_100,64,0.03,1,immediate_locality_target_consistency,0.0,0.0,0.0,0.0,0.0,0.0,0.0,0.0,0.0
independent_100,64,0.03,2,history_efficacy,40.0,25.0,50.0,45.0,35.0,50.0,5.0,0.0,15.0
independent_100,64,0.03,2,pre_edit_output_consistency,21.822467017918825,18.732555948663503,25.093437798786905,20.483659859746695,18.112656543962657,22.999316528439522,-1.3388071581721306,-3.756734225898981,1.0802890886552632
independent_100,64,0.03,2,immediate_efficacy,85.0,70.0,100.0,85.0,70.0,100.0,0.0,-15.0,15.0
independent_100,64,0.03,2,immediate_rephrase,50.0,30.0,70.0,55.0,40.0,70.0,5.0,-10.0,20.0
independent_100,64,0.03,2,immediate_portability,20.0,5.0,35.0,15.0,0.0,30.0,-5.0,-15.0,0.0
independent_100,64,0.03,2,immediate_locality_target_consistency,0.0,0.0,0.0,0.0,0.0,0.0,0.0,0.0,0.0
independent_100,64,0.03,5,history_efficacy,8.0,2.0,14.0,12.0,6.0,18.0,4.0,0.0,10.0
independent_100,64,0.03,5,pre_edit_output_consistency,21.952521335333586,18.643853991292417,26.288574003614485,22.633230686187744,18.95625342754647,26.974889304954555,0.6807093508541584,-0.8087794855237007,2.5015831091441214
independent_100,64,0.03,5,immediate_efficacy,72.0,64.0,80.0,72.0,64.0,80.0,0.0,-12.0,12.0
independent_100,64,0.03,5,immediate_rephrase,48.0,34.0,62.0,50.0,40.0,60.0,2.0,-10.0,10.0
independent_100,64,0.03,5,immediate_portability,14.0,6.0,24.0,12.0,2.0,22.0,-2.0,-6.0,0.0
independent_100,64,0.03,5,immediate_locality_target_consistency,0.0,0.0,0.0,0.0,0.0,0.0,0.0,0.0,0.0
independent_100,64,0.03,10,history_efficacy,4.0,1.0,7.0,3.0,0.0,6.0,-1.0,-4.0,2.0
independent_100,64,0.03,10,pre_edit_output_consistency,19.93154652416706,17.957975235767663,21.897887725848705,19.50688686221838,17.669948390685022,21.403027911670506,-0.4246596619486809,-1.1385916764847934,0.023858929052948934
independent_100,64,0.03,10,immediate_efficacy,64.0,56.0,73.0,61.0,54.0,69.0,-3.0,-15.0,9.0
independent_100,64,0.03,10,immediate_rephrase,44.0,34.0,54.0,43.0,36.0,50.0,-1.0,-14.0,11.0
independent_100,64,0.03,10,immediate_portability,11.0,5.0,17.0,10.0,5.0,15.0,-1.0,-4.0,2.0
independent_100,64,0.03,10,immediate_locality_target_consistency,0.5,0.0,1.5,0.0,0.0,0.0,-0.5,-1.5,0.0
independent_100,64,0.03,25,history_efficacy,2.8,1.6,4.0,1.2,0.0,2.4,-1.6,-2.8,-0.4
independent_100,64,0.03,25,pre_edit_output_consistency,20.15049435198307,18.292932411655784,22.32423245673999,20.690883081406355,18.677566792815924,22.80473503889516,0.5403887294232845,-0.04296890553086993,1.5125865493901074
independent_100,64,0.03,25,immediate_efficacy,56.0,48.4,62.4,53.2,48.8,58.0,-2.8,-10.8,5.199999999999999
independent_100,64,0.03,25,immediate_rephrase,39.6,34.4,45.2,39.2,35.6,43.2,-0.4000000000000014,-6.800000000000002,6.399999999999997
independent_100,64,0.03,25,immediate_portability,7.2,4.8,10.0,7.2,4.0,10.4,0.0,-2.0,2.0
independent_100,64,0.03,25,immediate_locality_target_consistency,0.4,0.0,1.0,0.0,0.0,0.0,-0.4,-1.0,0.0
independent_100,64,0.03,50,history_efficacy,1.0,0.4,1.6,1.4,0.6,2.2,0.4,-0.4,1.2
independent_100,64,0.03,50,pre_edit_output_consistency,20.712525602430105,18.108079966157675,23.8683664011769,20.002745781093836,17.80540579929948,22.485249056015164,-0.7097798213362694,-2.8602396897040308,0.9852694142609834
independent_100,64,0.03,50,immediate_efficacy,49.4,43.8,54.4,48.4,44.0,54.0,-0.9999999999999993,-6.8,5.199999999999999
independent_100,64,0.03,50,immediate_rephrase,37.0,33.4,40.4,37.8,34.6,41.2,0.8,-3.0049999999999955,4.8
independent_100,64,0.03,50,immediate_portability,7.4,5.0,9.8,8.4,6.6,10.4,1.0,0.0,2.0
independent_100,64,0.03,50,immediate_locality_target_consistency,0.7,0.0,1.6,0.4,0.0,1.0,-0.3,-0.6,0.0
independent_100,64,0.03,100,history_efficacy,0.78125,0.3125,1.25,0.78125,0.15625,1.40625,0.0,-0.625,0.625
independent_100,64,0.03,100,pre_edit_output_consistency,19.469899348914623,17.622386659961194,21.40443783160299,19.814742915332317,17.73915801057592,22.329745354130864,0.3448435664176941,-0.010318079497665167,0.9793226425535976
independent_100,64,0.03,100,immediate_efficacy,45.9,42.4975,49.4,48.0,44.8,51.5,2.1000000000000005,-1.7999999999999972,6.200000000000001
independent_100,64,0.03,100,immediate_rephrase,35.9,33.3,38.7,37.7,35.5,40.0,1.8,-0.8,4.4
independent_100,64,0.03,100,immediate_portability,7.8,6.5,9.2,8.7,7.3,10.0,0.9,0.10000000000000017,1.6999999999999997
independent_100,64,0.03,100,immediate_locality_target_consistency,0.7,0.2,1.35,0.6,0.2,1.1,-0.1,-0.3,0.1
