seed,metric,unit,favorable_direction,kd,kd_plus_ssr,favorable_paired_change,segmentation_source_sha256,segmentation_cache_sha256,selection_lock_sha256,control_file,treatment_file,control_sha256,treatment_sha256
9201,mIoU,%,higher,70.73046837257935,70.62681729644589,-0.1036510761334597,dc77f6cffea0cbe2e41d4201115c8f29a6320ecb04fffd2444f51b8066e4b84f,267ed5e5d43647ff246c549af2da5d1ea738b3040a281e95afa9452c1c480ad8,a9b9439e82e931c43b4c4a061a5820be9e2d6f2f6ff8f9633219edc564931d93,source_data/extended_data_20260905/cub_mask_component_10seed/confirmation/kd_l0p050_e0p16_i0p45_seed9201/summary.json,source_data/extended_data_20260905/cub_mask_component_10seed/confirmation/biocs_kd_l0p050_e0p16_i0p45_seed9201/summary.json,b7fbdfd19d6f73102af655b50ce8e518807f4c4159080ad51d482e036f445c3f,6871477d9de61a9117e67e91d4dfc0bb03ce7330ccd08e4d08710dd699873378
9201,Dice,%,higher,82.15766042152025,82.11343986312397,-0.04422055839627603,dc77f6cffea0cbe2e41d4201115c8f29a6320ecb04fffd2444f51b8066e4b84f,267ed5e5d43647ff246c549af2da5d1ea738b3040a281e95afa9452c1c480ad8,a9b9439e82e931c43b4c4a061a5820be9e2d6f2f6ff8f9633219edc564931d93,source_data/extended_data_20260905/cub_mask_component_10seed/confirmation/kd_l0p050_e0p16_i0p45_seed9201/summary.json,source_data/extended_data_20260905/cub_mask_component_10seed/confirmation/biocs_kd_l0p050_e0p16_i0p45_seed9201/summary.json,b7fbdfd19d6f73102af655b50ce8e518807f4c4159080ad51d482e036f445c3f,6871477d9de61a9117e67e91d4dfc0bb03ce7330ccd08e4d08710dd699873378
9201,IoU forgetting,%,lower,3.019516982120353,3.150177318657958,-0.13066033653760512,dc77f6cffea0cbe2e41d4201115c8f29a6320ecb04fffd2444f51b8066e4b84f,267ed5e5d43647ff246c549af2da5d1ea738b3040a281e95afa9452c1c480ad8,a9b9439e82e931c43b4c4a061a5820be9e2d6f2f6ff8f9633219edc564931d93,source_data/extended_data_20260905/cub_mask_component_10seed/confirmation/kd_l0p050_e0p16_i0p45_seed9201/summary.json,source_data/extended_data_20260905/cub_mask_component_10seed/confirmation/biocs_kd_l0p050_e0p16_i0p45_seed9201/summary.json,b7fbdfd19d6f73102af655b50ce8e518807f4c4159080ad51d482e036f445c3f,6871477d9de61a9117e67e91d4dfc0bb03ce7330ccd08e4d08710dd699873378
9201,effective rank,dimensionless,higher,173.7218475341797,173.72665405273438,0.0048065185546875,dc77f6cffea0cbe2e41d4201115c8f29a6320ecb04fffd2444f51b8066e4b84f,267ed5e5d43647ff246c549af2da5d1ea738b3040a281e95afa9452c1c480ad8,a9b9439e82e931c43b4c4a061a5820be9e2d6f2f6ff8f9633219edc564931d93,source_data/extended_data_20260905/cub_mask_component_10seed/confirmation/kd_l0p050_e0p16_i0p45_seed9201/summary.json,source_data/extended_data_20260905/cub_mask_component_10seed/confirmation/biocs_kd_l0p050_e0p16_i0p45_seed9201/summary.json,b7fbdfd19d6f73102af655b50ce8e518807f4c4159080ad51d482e036f445c3f,6871477d9de61a9117e67e91d4dfc0bb03ce7330ccd08e4d08710dd699873378
9201,prototype absolute cosine,dimensionless,lower,0.04964444413781166,0.049641188234090805,3.255903720855713e-06,dc77f6cffea0cbe2e41d4201115c8f29a6320ecb04fffd2444f51b8066e4b84f,267ed5e5d43647ff246c549af2da5d1ea738b3040a281e95afa9452c1c480ad8,a9b9439e82e931c43b4c4a061a5820be9e2d6f2f6ff8f9633219edc564931d93,source_data/extended_data_20260905/cub_mask_component_10seed/confirmation/kd_l0p050_e0p16_i0p45_seed9201/summary.json,source_data/extended_data_20260905/cub_mask_component_10seed/confirmation/biocs_kd_l0p050_e0p16_i0p45_seed9201/summary.json,b7fbdfd19d6f73102af655b50ce8e518807f4c4159080ad51d482e036f445c3f,6871477d9de61a9117e67e91d4dfc0bb03ce7330ccd08e4d08710dd699873378
9203,mIoU,%,higher,70.65547297525127,70.68106916019083,0.025596184939558952,dc77f6cffea0cbe2e41d4201115c8f29a6320ecb04fffd2444f51b8066e4b84f,267ed5e5d43647ff246c549af2da5d1ea738b3040a281e95afa9452c1c480ad8,a9b9439e82e931c43b4c4a061a5820be9e2d6f2f6ff8f9633219edc564931d93,source_data/extended_data_20260905/cub_mask_component_10seed/confirmation/kd_l0p050_e0p16_i0p45_seed9203/summary.json,source_data/extended_data_20260905/cub_mask_component_10seed/confirmation/biocs_kd_l0p050_e0p16_i0p45_seed9203/summary.json,dbf55841c04b9ede73a45d07af9d2794e1bb4c016aa07e99763dd54fb71f7386,0ac28273575e33ab395cf5e54bfe2fe5905ebd90e2dad99b0487fb283690949f
9203,Dice,%,higher,82.08859043570688,82.10524102305806,0.016650587351179524,dc77f6cffea0cbe2e41d4201115c8f29a6320ecb04fffd2444f51b8066e4b84f,267ed5e5d43647ff246c549af2da5d1ea738b3040a281e95afa9452c1c480ad8,a9b9439e82e931c43b4c4a061a5820be9e2d6f2f6ff8f9633219edc564931d93,source_data/extended_data_20260905/cub_mask_component_10seed/confirmation/kd_l0p050_e0p16_i0p45_seed9203/summary.json,source_data/extended_data_20260905/cub_mask_component_10seed/confirmation/biocs_kd_l0p050_e0p16_i0p45_seed9203/summary.json,dbf55841c04b9ede73a45d07af9d2794e1bb4c016aa07e99763dd54fb71f7386,0ac28273575e33ab395cf5e54bfe2fe5905ebd90e2dad99b0487fb283690949f
9203,IoU forgetting,%,lower,2.718118564017088,2.695583923865548,0.022534640151540053,dc77f6cffea0cbe2e41d4201115c8f29a6320ecb04fffd2444f51b8066e4b84f,267ed5e5d43647ff246c549af2da5d1ea738b3040a281e95afa9452c1c480ad8,a9b9439e82e931c43b4c4a061a5820be9e2d6f2f6ff8f9633219edc564931d93,source_data/extended_data_20260905/cub_mask_component_10seed/confirmation/kd_l0p050_e0p16_i0p45_seed9203/summary.json,source_data/extended_data_20260905/cub_mask_component_10seed/confirmation/biocs_kd_l0p050_e0p16_i0p45_seed9203/summary.json,dbf55841c04b9ede73a45d07af9d2794e1bb4c016aa07e99763dd54fb71f7386,0ac28273575e33ab395cf5e54bfe2fe5905ebd90e2dad99b0487fb283690949f
9203,effective rank,dimensionless,higher,173.72482299804688,173.73178100585938,0.0069580078125,dc77f6cffea0cbe2e41d4201115c8f29a6320ecb04fffd2444f51b8066e4b84f,267ed5e5d43647ff246c549af2da5d1ea738b3040a281e95afa9452c1c480ad8,a9b9439e82e931c43b4c4a061a5820be9e2d6f2f6ff8f9633219edc564931d93,source_data/extended_data_20260905/cub_mask_component_10seed/confirmation/kd_l0p050_e0p16_i0p45_seed9203/summary.json,source_data/extended_data_20260905/cub_mask_component_10seed/confirmation/biocs_kd_l0p050_e0p16_i0p45_seed9203/summary.json,dbf55841c04b9ede73a45d07af9d2794e1bb4c016aa07e99763dd54fb71f7386,0ac28273575e33ab395cf5e54bfe2fe5905ebd90e2dad99b0487fb283690949f
9203,prototype absolute cosine,dimensionless,lower,0.050009097903966904,0.05000179260969162,7.3052942752838135e-06,dc77f6cffea0cbe2e41d4201115c8f29a6320ecb04fffd2444f51b8066e4b84f,267ed5e5d43647ff246c549af2da5d1ea738b3040a281e95afa9452c1c480ad8,a9b9439e82e931c43b4c4a061a5820be9e2d6f2f6ff8f9633219edc564931d93,source_data/extended_data_20260905/cub_mask_component_10seed/confirmation/kd_l0p050_e0p16_i0p45_seed9203/summary.json,source_data/extended_data_20260905/cub_mask_component_10seed/confirmation/biocs_kd_l0p050_e0p16_i0p45_seed9203/summary.json,dbf55841c04b9ede73a45d07af9d2794e1bb4c016aa07e99763dd54fb71f7386,0ac28273575e33ab395cf5e54bfe2fe5905ebd90e2dad99b0487fb283690949f
9205,mIoU,%,higher,70.33827378908684,70.41632111499669,0.07804732590984997,dc77f6cffea0cbe2e41d4201115c8f29a6320ecb04fffd2444f51b8066e4b84f,267ed5e5d43647ff246c549af2da5d1ea738b3040a281e95afa9452c1c480ad8,a9b9439e82e931c43b4c4a061a5820be9e2d6f2f6ff8f9633219edc564931d93,source_data/extended_data_20260905/cub_mask_component_10seed/confirmation/kd_l0p050_e0p16_i0p45_seed9205/summary.json,source_data/extended_data_20260905/cub_mask_component_10seed/confirmation/biocs_kd_l0p050_e0p16_i0p45_seed9205/summary.json,0d94af38790b9bfe095ddff3d67f45b6bab1e1c03118d678769f4f3a5a762f11,0f584fc0454721d01d84fa08d3db798bf64629f504fe8aa39b10167b0d64e8ef
9205,Dice,%,higher,81.76416312779975,81.8428529864309,0.07868985863115086,dc77f6cffea0cbe2e41d4201115c8f29a6320ecb04fffd2444f51b8066e4b84f,267ed5e5d43647ff246c549af2da5d1ea738b3040a281e95afa9452c1c480ad8,a9b9439e82e931c43b4c4a061a5820be9e2d6f2f6ff8f9633219edc564931d93,source_data/extended_data_20260905/cub_mask_component_10seed/confirmation/kd_l0p050_e0p16_i0p45_seed9205/summary.json,source_data/extended_data_20260905/cub_mask_component_10seed/confirmation/biocs_kd_l0p050_e0p16_i0p45_seed9205/summary.json,0d94af38790b9bfe095ddff3d67f45b6bab1e1c03118d678769f4f3a5a762f11,0f584fc0454721d01d84fa08d3db798bf64629f504fe8aa39b10167b0d64e8ef
9205,IoU forgetting,%,lower,3.168606454587207,3.0691295549531064,0.09947689963410067,dc77f6cffea0cbe2e41d4201115c8f29a6320ecb04fffd2444f51b8066e4b84f,267ed5e5d43647ff246c549af2da5d1ea738b3040a281e95afa9452c1c480ad8,a9b9439e82e931c43b4c4a061a5820be9e2d6f2f6ff8f9633219edc564931d93,source_data/extended_data_20260905/cub_mask_component_10seed/confirmation/kd_l0p050_e0p16_i0p45_seed9205/summary.json,source_data/extended_data_20260905/cub_mask_component_10seed/confirmation/biocs_kd_l0p050_e0p16_i0p45_seed9205/summary.json,0d94af38790b9bfe095ddff3d67f45b6bab1e1c03118d678769f4f3a5a762f11,0f584fc0454721d01d84fa08d3db798bf64629f504fe8aa39b10167b0d64e8ef
9205,effective rank,dimensionless,higher,173.44009399414062,173.44688415527344,0.0067901611328125,dc77f6cffea0cbe2e41d4201115c8f29a6320ecb04fffd2444f51b8066e4b84f,267ed5e5d43647ff246c549af2da5d1ea738b3040a281e95afa9452c1c480ad8,a9b9439e82e931c43b4c4a061a5820be9e2d6f2f6ff8f9633219edc564931d93,source_data/extended_data_20260905/cub_mask_component_10seed/confirmation/kd_l0p050_e0p16_i0p45_seed9205/summary.json,source_data/extended_data_20260905/cub_mask_component_10seed/confirmation/biocs_kd_l0p050_e0p16_i0p45_seed9205/summary.json,0d94af38790b9bfe095ddff3d67f45b6bab1e1c03118d678769f4f3a5a762f11,0f584fc0454721d01d84fa08d3db798bf64629f504fe8aa39b10167b0d64e8ef
9205,prototype absolute cosine,dimensionless,lower,0.049789924174547195,0.04977937042713165,1.0553747415542603e-05,dc77f6cffea0cbe2e41d4201115c8f29a6320ecb04fffd2444f51b8066e4b84f,267ed5e5d43647ff246c549af2da5d1ea738b3040a281e95afa9452c1c480ad8,a9b9439e82e931c43b4c4a061a5820be9e2d6f2f6ff8f9633219edc564931d93,source_data/extended_data_20260905/cub_mask_component_10seed/confirmation/kd_l0p050_e0p16_i0p45_seed9205/summary.json,source_data/extended_data_20260905/cub_mask_component_10seed/confirmation/biocs_kd_l0p050_e0p16_i0p45_seed9205/summary.json,0d94af38790b9bfe095ddff3d67f45b6bab1e1c03118d678769f4f3a5a762f11,0f584fc0454721d01d84fa08d3db798bf64629f504fe8aa39b10167b0d64e8ef
9207,mIoU,%,higher,70.63988900242241,70.73118262221824,0.0912936197958345,dc77f6cffea0cbe2e41d4201115c8f29a6320ecb04fffd2444f51b8066e4b84f,267ed5e5d43647ff246c549af2da5d1ea738b3040a281e95afa9452c1c480ad8,a9b9439e82e931c43b4c4a061a5820be9e2d6f2f6ff8f9633219edc564931d93,source_data/extended_data_20260905/cub_mask_component_10seed/confirmation/kd_l0p050_e0p16_i0p45_seed9207/summary.json,source_data/extended_data_20260905/cub_mask_component_10seed/confirmation/biocs_kd_l0p050_e0p16_i0p45_seed9207/summary.json,6879fac6bb30cc0e32e0602e90b6c5065880c14a818b46f27ad6dc36ad8eefb3,26edfee4f8c6a7b5cad978adf64d6756249db75b4829932a5ea9769bff9042c1
9207,Dice,%,higher,82.06084695074696,82.14319222418654,0.08234527343957154,dc77f6cffea0cbe2e41d4201115c8f29a6320ecb04fffd2444f51b8066e4b84f,267ed5e5d43647ff246c549af2da5d1ea738b3040a281e95afa9452c1c480ad8,a9b9439e82e931c43b4c4a061a5820be9e2d6f2f6ff8f9633219edc564931d93,source_data/extended_data_20260905/cub_mask_component_10seed/confirmation/kd_l0p050_e0p16_i0p45_seed9207/summary.json,source_data/extended_data_20260905/cub_mask_component_10seed/confirmation/biocs_kd_l0p050_e0p16_i0p45_seed9207/summary.json,6879fac6bb30cc0e32e0602e90b6c5065880c14a818b46f27ad6dc36ad8eefb3,26edfee4f8c6a7b5cad978adf64d6756249db75b4829932a5ea9769bff9042c1
9207,IoU forgetting,%,lower,2.938267900678577,2.837150060263663,0.101117840414914,dc77f6cffea0cbe2e41d4201115c8f29a6320ecb04fffd2444f51b8066e4b84f,267ed5e5d43647ff246c549af2da5d1ea738b3040a281e95afa9452c1c480ad8,a9b9439e82e931c43b4c4a061a5820be9e2d6f2f6ff8f9633219edc564931d93,source_data/extended_data_20260905/cub_mask_component_10seed/confirmation/kd_l0p050_e0p16_i0p45_seed9207/summary.json,source_data/extended_data_20260905/cub_mask_component_10seed/confirmation/biocs_kd_l0p050_e0p16_i0p45_seed9207/summary.json,6879fac6bb30cc0e32e0602e90b6c5065880c14a818b46f27ad6dc36ad8eefb3,26edfee4f8c6a7b5cad978adf64d6756249db75b4829932a5ea9769bff9042c1
9207,effective rank,dimensionless,higher,174.03408813476562,174.03932189941406,0.0052337646484375,dc77f6cffea0cbe2e41d4201115c8f29a6320ecb04fffd2444f51b8066e4b84f,267ed5e5d43647ff246c549af2da5d1ea738b3040a281e95afa9452c1c480ad8,a9b9439e82e931c43b4c4a061a5820be9e2d6f2f6ff8f9633219edc564931d93,source_data/extended_data_20260905/cub_mask_component_10seed/confirmation/kd_l0p050_e0p16_i0p45_seed9207/summary.json,source_data/extended_data_20260905/cub_mask_component_10seed/confirmation/biocs_kd_l0p050_e0p16_i0p45_seed9207/summary.json,6879fac6bb30cc0e32e0602e90b6c5065880c14a818b46f27ad6dc36ad8eefb3,26edfee4f8c6a7b5cad978adf64d6756249db75b4829932a5ea9769bff9042c1
9207,prototype absolute cosine,dimensionless,lower,0.04954009875655174,0.049533113837242126,6.984919309616089e-06,dc77f6cffea0cbe2e41d4201115c8f29a6320ecb04fffd2444f51b8066e4b84f,267ed5e5d43647ff246c549af2da5d1ea738b3040a281e95afa9452c1c480ad8,a9b9439e82e931c43b4c4a061a5820be9e2d6f2f6ff8f9633219edc564931d93,source_data/extended_data_20260905/cub_mask_component_10seed/confirmation/kd_l0p050_e0p16_i0p45_seed9207/summary.json,source_data/extended_data_20260905/cub_mask_component_10seed/confirmation/biocs_kd_l0p050_e0p16_i0p45_seed9207/summary.json,6879fac6bb30cc0e32e0602e90b6c5065880c14a818b46f27ad6dc36ad8eefb3,26edfee4f8c6a7b5cad978adf64d6756249db75b4829932a5ea9769bff9042c1
9209,mIoU,%,higher,70.7613334743821,70.77281434329412,0.011480868912016717,dc77f6cffea0cbe2e41d4201115c8f29a6320ecb04fffd2444f51b8066e4b84f,267ed5e5d43647ff246c549af2da5d1ea738b3040a281e95afa9452c1c480ad8,a9b9439e82e931c43b4c4a061a5820be9e2d6f2f6ff8f9633219edc564931d93,source_data/extended_data_20260905/cub_mask_component_10seed/confirmation/kd_l0p050_e0p16_i0p45_seed9209/summary.json,source_data/extended_data_20260905/cub_mask_component_10seed/confirmation/biocs_kd_l0p050_e0p16_i0p45_seed9209/summary.json,c667aafb655dfdaf802faa75acaeede9cd2ffdf34f689e350ad97e7625820ed0,c3f5c2eea275cf94b1388c59f4798a147d16eaffd34f663322c1ea5c0aa13e46
9209,Dice,%,higher,82.19050005217194,82.20115429909838,0.010654246926435462,dc77f6cffea0cbe2e41d4201115c8f29a6320ecb04fffd2444f51b8066e4b84f,267ed5e5d43647ff246c549af2da5d1ea738b3040a281e95afa9452c1c480ad8,a9b9439e82e931c43b4c4a061a5820be9e2d6f2f6ff8f9633219edc564931d93,source_data/extended_data_20260905/cub_mask_component_10seed/confirmation/kd_l0p050_e0p16_i0p45_seed9209/summary.json,source_data/extended_data_20260905/cub_mask_component_10seed/confirmation/biocs_kd_l0p050_e0p16_i0p45_seed9209/summary.json,c667aafb655dfdaf802faa75acaeede9cd2ffdf34f689e350ad97e7625820ed0,c3f5c2eea275cf94b1388c59f4798a147d16eaffd34f663322c1ea5c0aa13e46
9209,IoU forgetting,%,lower,2.8852376512179383,2.8732032045178606,0.012034446700077694,dc77f6cffea0cbe2e41d4201115c8f29a6320ecb04fffd2444f51b8066e4b84f,267ed5e5d43647ff246c549af2da5d1ea738b3040a281e95afa9452c1c480ad8,a9b9439e82e931c43b4c4a061a5820be9e2d6f2f6ff8f9633219edc564931d93,source_data/extended_data_20260905/cub_mask_component_10seed/confirmation/kd_l0p050_e0p16_i0p45_seed9209/summary.json,source_data/extended_data_20260905/cub_mask_component_10seed/confirmation/biocs_kd_l0p050_e0p16_i0p45_seed9209/summary.json,c667aafb655dfdaf802faa75acaeede9cd2ffdf34f689e350ad97e7625820ed0,c3f5c2eea275cf94b1388c59f4798a147d16eaffd34f663322c1ea5c0aa13e46
9209,effective rank,dimensionless,higher,173.72731018066406,173.7326202392578,0.00531005859375,dc77f6cffea0cbe2e41d4201115c8f29a6320ecb04fffd2444f51b8066e4b84f,267ed5e5d43647ff246c549af2da5d1ea738b3040a281e95afa9452c1c480ad8,a9b9439e82e931c43b4c4a061a5820be9e2d6f2f6ff8f9633219edc564931d93,source_data/extended_data_20260905/cub_mask_component_10seed/confirmation/kd_l0p050_e0p16_i0p45_seed9209/summary.json,source_data/extended_data_20260905/cub_mask_component_10seed/confirmation/biocs_kd_l0p050_e0p16_i0p45_seed9209/summary.json,c667aafb655dfdaf802faa75acaeede9cd2ffdf34f689e350ad97e7625820ed0,c3f5c2eea275cf94b1388c59f4798a147d16eaffd34f663322c1ea5c0aa13e46
9209,prototype absolute cosine,dimensionless,lower,0.04992567375302315,0.04991806298494339,7.6107680797576904e-06,dc77f6cffea0cbe2e41d4201115c8f29a6320ecb04fffd2444f51b8066e4b84f,267ed5e5d43647ff246c549af2da5d1ea738b3040a281e95afa9452c1c480ad8,a9b9439e82e931c43b4c4a061a5820be9e2d6f2f6ff8f9633219edc564931d93,source_data/extended_data_20260905/cub_mask_component_10seed/confirmation/kd_l0p050_e0p16_i0p45_seed9209/summary.json,source_data/extended_data_20260905/cub_mask_component_10seed/confirmation/biocs_kd_l0p050_e0p16_i0p45_seed9209/summary.json,c667aafb655dfdaf802faa75acaeede9cd2ffdf34f689e350ad97e7625820ed0,c3f5c2eea275cf94b1388c59f4798a147d16eaffd34f663322c1ea5c0aa13e46
9211,mIoU,%,higher,70.44448844309218,70.39237268883728,-0.052115754254899116,dc77f6cffea0cbe2e41d4201115c8f29a6320ecb04fffd2444f51b8066e4b84f,267ed5e5d43647ff246c549af2da5d1ea738b3040a281e95afa9452c1c480ad8,a9b9439e82e931c43b4c4a061a5820be9e2d6f2f6ff8f9633219edc564931d93,source_data/extended_data_20260905/cub_mask_component_10seed/confirmation/kd_l0p050_e0p16_i0p45_seed9211/summary.json,source_data/extended_data_20260905/cub_mask_component_10seed/confirmation/biocs_kd_l0p050_e0p16_i0p45_seed9211/summary.json,581c67a5dc0d2fe702930767a335ff46203567dcbbb981564cf58b5aa34b4dd2,2cbdd58653e9c97cf0a519522fc68617717a88e62d0189788da47974222fec9b
9211,Dice,%,higher,81.93928062154542,81.90694132014147,-0.032339301403951026,dc77f6cffea0cbe2e41d4201115c8f29a6320ecb04fffd2444f51b8066e4b84f,267ed5e5d43647ff246c549af2da5d1ea738b3040a281e95afa9452c1c480ad8,a9b9439e82e931c43b4c4a061a5820be9e2d6f2f6ff8f9633219edc564931d93,source_data/extended_data_20260905/cub_mask_component_10seed/confirmation/kd_l0p050_e0p16_i0p45_seed9211/summary.json,source_data/extended_data_20260905/cub_mask_component_10seed/confirmation/biocs_kd_l0p050_e0p16_i0p45_seed9211/summary.json,581c67a5dc0d2fe702930767a335ff46203567dcbbb981564cf58b5aa34b4dd2,2cbdd58653e9c97cf0a519522fc68617717a88e62d0189788da47974222fec9b
9211,IoU forgetting,%,lower,3.294059351261713,3.3658308422496965,-0.07177149098798363,dc77f6cffea0cbe2e41d4201115c8f29a6320ecb04fffd2444f51b8066e4b84f,267ed5e5d43647ff246c549af2da5d1ea738b3040a281e95afa9452c1c480ad8,a9b9439e82e931c43b4c4a061a5820be9e2d6f2f6ff8f9633219edc564931d93,source_data/extended_data_20260905/cub_mask_component_10seed/confirmation/kd_l0p050_e0p16_i0p45_seed9211/summary.json,source_data/extended_data_20260905/cub_mask_component_10seed/confirmation/biocs_kd_l0p050_e0p16_i0p45_seed9211/summary.json,581c67a5dc0d2fe702930767a335ff46203567dcbbb981564cf58b5aa34b4dd2,2cbdd58653e9c97cf0a519522fc68617717a88e62d0189788da47974222fec9b
9211,effective rank,dimensionless,higher,173.90228271484375,173.91090393066406,0.0086212158203125,dc77f6cffea0cbe2e41d4201115c8f29a6320ecb04fffd2444f51b8066e4b84f,267ed5e5d43647ff246c549af2da5d1ea738b3040a281e95afa9452c1c480ad8,a9b9439e82e931c43b4c4a061a5820be9e2d6f2f6ff8f9633219edc564931d93,source_data/extended_data_20260905/cub_mask_component_10seed/confirmation/kd_l0p050_e0p16_i0p45_seed9211/summary.json,source_data/extended_data_20260905/cub_mask_component_10seed/confirmation/biocs_kd_l0p050_e0p16_i0p45_seed9211/summary.json,581c67a5dc0d2fe702930767a335ff46203567dcbbb981564cf58b5aa34b4dd2,2cbdd58653e9c97cf0a519522fc68617717a88e62d0189788da47974222fec9b
9211,prototype absolute cosine,dimensionless,lower,0.049777597188949585,0.04976777359843254,9.823590517044067e-06,dc77f6cffea0cbe2e41d4201115c8f29a6320ecb04fffd2444f51b8066e4b84f,267ed5e5d43647ff246c549af2da5d1ea738b3040a281e95afa9452c1c480ad8,a9b9439e82e931c43b4c4a061a5820be9e2d6f2f6ff8f9633219edc564931d93,source_data/extended_data_20260905/cub_mask_component_10seed/confirmation/kd_l0p050_e0p16_i0p45_seed9211/summary.json,source_data/extended_data_20260905/cub_mask_component_10seed/confirmation/biocs_kd_l0p050_e0p16_i0p45_seed9211/summary.json,581c67a5dc0d2fe702930767a335ff46203567dcbbb981564cf58b5aa34b4dd2,2cbdd58653e9c97cf0a519522fc68617717a88e62d0189788da47974222fec9b
9213,mIoU,%,higher,70.98895037507533,70.91734934396318,-0.07160103111215221,dc77f6cffea0cbe2e41d4201115c8f29a6320ecb04fffd2444f51b8066e4b84f,267ed5e5d43647ff246c549af2da5d1ea738b3040a281e95afa9452c1c480ad8,a9b9439e82e931c43b4c4a061a5820be9e2d6f2f6ff8f9633219edc564931d93,source_data/extended_data_20260905/cub_mask_component_10seed/confirmation/kd_l0p050_e0p16_i0p45_seed9213/summary.json,source_data/extended_data_20260905/cub_mask_component_10seed/confirmation/biocs_kd_l0p050_e0p16_i0p45_seed9213/summary.json,b676833e31e19f6a616939bc7693d4307feb2b9d9b3203dc33f96bfbc148a990,73ce6060e91d0039b19f21bf8b03ace95c900ccf6cd1be2e5f529a2b6d04ca1e
9213,Dice,%,higher,82.34331197355137,82.29637726611584,-0.046934707435525524,dc77f6cffea0cbe2e41d4201115c8f29a6320ecb04fffd2444f51b8066e4b84f,267ed5e5d43647ff246c549af2da5d1ea738b3040a281e95afa9452c1c480ad8,a9b9439e82e931c43b4c4a061a5820be9e2d6f2f6ff8f9633219edc564931d93,source_data/extended_data_20260905/cub_mask_component_10seed/confirmation/kd_l0p050_e0p16_i0p45_seed9213/summary.json,source_data/extended_data_20260905/cub_mask_component_10seed/confirmation/biocs_kd_l0p050_e0p16_i0p45_seed9213/summary.json,b676833e31e19f6a616939bc7693d4307feb2b9d9b3203dc33f96bfbc148a990,73ce6060e91d0039b19f21bf8b03ace95c900ccf6cd1be2e5f529a2b6d04ca1e
9213,IoU forgetting,%,lower,2.6767108960855173,2.744878625050272,-0.06816772896475465,dc77f6cffea0cbe2e41d4201115c8f29a6320ecb04fffd2444f51b8066e4b84f,267ed5e5d43647ff246c549af2da5d1ea738b3040a281e95afa9452c1c480ad8,a9b9439e82e931c43b4c4a061a5820be9e2d6f2f6ff8f9633219edc564931d93,source_data/extended_data_20260905/cub_mask_component_10seed/confirmation/kd_l0p050_e0p16_i0p45_seed9213/summary.json,source_data/extended_data_20260905/cub_mask_component_10seed/confirmation/biocs_kd_l0p050_e0p16_i0p45_seed9213/summary.json,b676833e31e19f6a616939bc7693d4307feb2b9d9b3203dc33f96bfbc148a990,73ce6060e91d0039b19f21bf8b03ace95c900ccf6cd1be2e5f529a2b6d04ca1e
9213,effective rank,dimensionless,higher,173.6685028076172,173.67620849609375,0.0077056884765625,dc77f6cffea0cbe2e41d4201115c8f29a6320ecb04fffd2444f51b8066e4b84f,267ed5e5d43647ff246c549af2da5d1ea738b3040a281e95afa9452c1c480ad8,a9b9439e82e931c43b4c4a061a5820be9e2d6f2f6ff8f9633219edc564931d93,source_data/extended_data_20260905/cub_mask_component_10seed/confirmation/kd_l0p050_e0p16_i0p45_seed9213/summary.json,source_data/extended_data_20260905/cub_mask_component_10seed/confirmation/biocs_kd_l0p050_e0p16_i0p45_seed9213/summary.json,b676833e31e19f6a616939bc7693d4307feb2b9d9b3203dc33f96bfbc148a990,73ce6060e91d0039b19f21bf8b03ace95c900ccf6cd1be2e5f529a2b6d04ca1e
9213,prototype absolute cosine,dimensionless,lower,0.04978787526488304,0.04977738857269287,1.0486692190170288e-05,dc77f6cffea0cbe2e41d4201115c8f29a6320ecb04fffd2444f51b8066e4b84f,267ed5e5d43647ff246c549af2da5d1ea738b3040a281e95afa9452c1c480ad8,a9b9439e82e931c43b4c4a061a5820be9e2d6f2f6ff8f9633219edc564931d93,source_data/extended_data_20260905/cub_mask_component_10seed/confirmation/kd_l0p050_e0p16_i0p45_seed9213/summary.json,source_data/extended_data_20260905/cub_mask_component_10seed/confirmation/biocs_kd_l0p050_e0p16_i0p45_seed9213/summary.json,b676833e31e19f6a616939bc7693d4307feb2b9d9b3203dc33f96bfbc148a990,73ce6060e91d0039b19f21bf8b03ace95c900ccf6cd1be2e5f529a2b6d04ca1e
9215,mIoU,%,higher,70.38995600750745,70.3748064078995,-0.015149599607951814,dc77f6cffea0cbe2e41d4201115c8f29a6320ecb04fffd2444f51b8066e4b84f,267ed5e5d43647ff246c549af2da5d1ea738b3040a281e95afa9452c1c480ad8,a9b9439e82e931c43b4c4a061a5820be9e2d6f2f6ff8f9633219edc564931d93,source_data/extended_data_20260905/cub_mask_component_10seed/confirmation/kd_l0p050_e0p16_i0p45_seed9215/summary.json,source_data/extended_data_20260905/cub_mask_component_10seed/confirmation/biocs_kd_l0p050_e0p16_i0p45_seed9215/summary.json,268dc4d5e89b2b9327edd9104f493923024bbe72af4f5905243f0abcc3d2ed46,2a32f0949f380ba39f3e9eb48a4e15d16cfa19f0571efb9ab898c4e4653d4bba
9215,Dice,%,higher,81.89247844340186,81.86939442655651,-0.023084016845345445,dc77f6cffea0cbe2e41d4201115c8f29a6320ecb04fffd2444f51b8066e4b84f,267ed5e5d43647ff246c549af2da5d1ea738b3040a281e95afa9452c1c480ad8,a9b9439e82e931c43b4c4a061a5820be9e2d6f2f6ff8f9633219edc564931d93,source_data/extended_data_20260905/cub_mask_component_10seed/confirmation/kd_l0p050_e0p16_i0p45_seed9215/summary.json,source_data/extended_data_20260905/cub_mask_component_10seed/confirmation/biocs_kd_l0p050_e0p16_i0p45_seed9215/summary.json,268dc4d5e89b2b9327edd9104f493923024bbe72af4f5905243f0abcc3d2ed46,2a32f0949f380ba39f3e9eb48a4e15d16cfa19f0571efb9ab898c4e4653d4bba
9215,IoU forgetting,%,lower,3.1470772489583263,3.1550380270713503,-0.00796077811302398,dc77f6cffea0cbe2e41d4201115c8f29a6320ecb04fffd2444f51b8066e4b84f,267ed5e5d43647ff246c549af2da5d1ea738b3040a281e95afa9452c1c480ad8,a9b9439e82e931c43b4c4a061a5820be9e2d6f2f6ff8f9633219edc564931d93,source_data/extended_data_20260905/cub_mask_component_10seed/confirmation/kd_l0p050_e0p16_i0p45_seed9215/summary.json,source_data/extended_data_20260905/cub_mask_component_10seed/confirmation/biocs_kd_l0p050_e0p16_i0p45_seed9215/summary.json,268dc4d5e89b2b9327edd9104f493923024bbe72af4f5905243f0abcc3d2ed46,2a32f0949f380ba39f3e9eb48a4e15d16cfa19f0571efb9ab898c4e4653d4bba
9215,effective rank,dimensionless,higher,173.83694458007812,173.84365844726562,0.0067138671875,dc77f6cffea0cbe2e41d4201115c8f29a6320ecb04fffd2444f51b8066e4b84f,267ed5e5d43647ff246c549af2da5d1ea738b3040a281e95afa9452c1c480ad8,a9b9439e82e931c43b4c4a061a5820be9e2d6f2f6ff8f9633219edc564931d93,source_data/extended_data_20260905/cub_mask_component_10seed/confirmation/kd_l0p050_e0p16_i0p45_seed9215/summary.json,source_data/extended_data_20260905/cub_mask_component_10seed/confirmation/biocs_kd_l0p050_e0p16_i0p45_seed9215/summary.json,268dc4d5e89b2b9327edd9104f493923024bbe72af4f5905243f0abcc3d2ed46,2a32f0949f380ba39f3e9eb48a4e15d16cfa19f0571efb9ab898c4e4653d4bba
9215,prototype absolute cosine,dimensionless,lower,0.0498698391020298,0.049861859530210495,7.97957181930542e-06,dc77f6cffea0cbe2e41d4201115c8f29a6320ecb04fffd2444f51b8066e4b84f,267ed5e5d43647ff246c549af2da5d1ea738b3040a281e95afa9452c1c480ad8,a9b9439e82e931c43b4c4a061a5820be9e2d6f2f6ff8f9633219edc564931d93,source_data/extended_data_20260905/cub_mask_component_10seed/confirmation/kd_l0p050_e0p16_i0p45_seed9215/summary.json,source_data/extended_data_20260905/cub_mask_component_10seed/confirmation/biocs_kd_l0p050_e0p16_i0p45_seed9215/summary.json,268dc4d5e89b2b9327edd9104f493923024bbe72af4f5905243f0abcc3d2ed46,2a32f0949f380ba39f3e9eb48a4e15d16cfa19f0571efb9ab898c4e4653d4bba
9217,mIoU,%,higher,70.3603453129211,70.26175558052682,-0.09858973239427371,dc77f6cffea0cbe2e41d4201115c8f29a6320ecb04fffd2444f51b8066e4b84f,267ed5e5d43647ff246c549af2da5d1ea738b3040a281e95afa9452c1c480ad8,a9b9439e82e931c43b4c4a061a5820be9e2d6f2f6ff8f9633219edc564931d93,source_data/extended_data_20260905/cub_mask_component_10seed/confirmation/kd_l0p050_e0p16_i0p45_seed9217/summary.json,source_data/extended_data_20260905/cub_mask_component_10seed/confirmation/biocs_kd_l0p050_e0p16_i0p45_seed9217/summary.json,6b2c578552997b63883d4ba5d5e4516402fa361f96c0dd5a4357e69a5ad020d3,4bbe36ecf59e7a0815019f1cf130de2af1cbe96734a27e64476facaeaa0ec0a4
9217,Dice,%,higher,81.89623337554076,81.8207130211569,-0.07552035438385474,dc77f6cffea0cbe2e41d4201115c8f29a6320ecb04fffd2444f51b8066e4b84f,267ed5e5d43647ff246c549af2da5d1ea738b3040a281e95afa9452c1c480ad8,a9b9439e82e931c43b4c4a061a5820be9e2d6f2f6ff8f9633219edc564931d93,source_data/extended_data_20260905/cub_mask_component_10seed/confirmation/kd_l0p050_e0p16_i0p45_seed9217/summary.json,source_data/extended_data_20260905/cub_mask_component_10seed/confirmation/biocs_kd_l0p050_e0p16_i0p45_seed9217/summary.json,6b2c578552997b63883d4ba5d5e4516402fa361f96c0dd5a4357e69a5ad020d3,4bbe36ecf59e7a0815019f1cf130de2af1cbe96734a27e64476facaeaa0ec0a4
9217,IoU forgetting,%,lower,3.3047157858125713,3.410899788827647,-0.10618400301507558,dc77f6cffea0cbe2e41d4201115c8f29a6320ecb04fffd2444f51b8066e4b84f,267ed5e5d43647ff246c549af2da5d1ea738b3040a281e95afa9452c1c480ad8,a9b9439e82e931c43b4c4a061a5820be9e2d6f2f6ff8f9633219edc564931d93,source_data/extended_data_20260905/cub_mask_component_10seed/confirmation/kd_l0p050_e0p16_i0p45_seed9217/summary.json,source_data/extended_data_20260905/cub_mask_component_10seed/confirmation/biocs_kd_l0p050_e0p16_i0p45_seed9217/summary.json,6b2c578552997b63883d4ba5d5e4516402fa361f96c0dd5a4357e69a5ad020d3,4bbe36ecf59e7a0815019f1cf130de2af1cbe96734a27e64476facaeaa0ec0a4
9217,effective rank,dimensionless,higher,173.60467529296875,173.61178588867188,0.007110595703125,dc77f6cffea0cbe2e41d4201115c8f29a6320ecb04fffd2444f51b8066e4b84f,267ed5e5d43647ff246c549af2da5d1ea738b3040a281e95afa9452c1c480ad8,a9b9439e82e931c43b4c4a061a5820be9e2d6f2f6ff8f9633219edc564931d93,source_data/extended_data_20260905/cub_mask_component_10seed/confirmation/kd_l0p050_e0p16_i0p45_seed9217/summary.json,source_data/extended_data_20260905/cub_mask_component_10seed/confirmation/biocs_kd_l0p050_e0p16_i0p45_seed9217/summary.json,6b2c578552997b63883d4ba5d5e4516402fa361f96c0dd5a4357e69a5ad020d3,4bbe36ecf59e7a0815019f1cf130de2af1cbe96734a27e64476facaeaa0ec0a4
9217,prototype absolute cosine,dimensionless,lower,0.04978640004992485,0.04977740719914436,8.99285078048706e-06,dc77f6cffea0cbe2e41d4201115c8f29a6320ecb04fffd2444f51b8066e4b84f,267ed5e5d43647ff246c549af2da5d1ea738b3040a281e95afa9452c1c480ad8,a9b9439e82e931c43b4c4a061a5820be9e2d6f2f6ff8f9633219edc564931d93,source_data/extended_data_20260905/cub_mask_component_10seed/confirmation/kd_l0p050_e0p16_i0p45_seed9217/summary.json,source_data/extended_data_20260905/cub_mask_component_10seed/confirmation/biocs_kd_l0p050_e0p16_i0p45_seed9217/summary.json,6b2c578552997b63883d4ba5d5e4516402fa361f96c0dd5a4357e69a5ad020d3,4bbe36ecf59e7a0815019f1cf130de2af1cbe96734a27e64476facaeaa0ec0a4
9219,mIoU,%,higher,70.15816920125405,70.24333362008196,0.08516441882790105,dc77f6cffea0cbe2e41d4201115c8f29a6320ecb04fffd2444f51b8066e4b84f,267ed5e5d43647ff246c549af2da5d1ea738b3040a281e95afa9452c1c480ad8,a9b9439e82e931c43b4c4a061a5820be9e2d6f2f6ff8f9633219edc564931d93,source_data/extended_data_20260905/cub_mask_component_10seed/confirmation/kd_l0p050_e0p16_i0p45_seed9219/summary.json,source_data/extended_data_20260905/cub_mask_component_10seed/confirmation/biocs_kd_l0p050_e0p16_i0p45_seed9219/summary.json,01d3bd5f67bea7f9f636c3bb9a9bf9eb9021566e176d26a738883c5f2f82cc81,864ac7599fe19288f174b05490819acbf39bf1b15a972e22a137363146beef24
9219,Dice,%,higher,81.58183274986747,81.6513721392325,0.06953938936503334,dc77f6cffea0cbe2e41d4201115c8f29a6320ecb04fffd2444f51b8066e4b84f,267ed5e5d43647ff246c549af2da5d1ea738b3040a281e95afa9452c1c480ad8,a9b9439e82e931c43b4c4a061a5820be9e2d6f2f6ff8f9633219edc564931d93,source_data/extended_data_20260905/cub_mask_component_10seed/confirmation/kd_l0p050_e0p16_i0p45_seed9219/summary.json,source_data/extended_data_20260905/cub_mask_component_10seed/confirmation/biocs_kd_l0p050_e0p16_i0p45_seed9219/summary.json,01d3bd5f67bea7f9f636c3bb9a9bf9eb9021566e176d26a738883c5f2f82cc81,864ac7599fe19288f174b05490819acbf39bf1b15a972e22a137363146beef24
9219,IoU forgetting,%,lower,3.587972320183281,3.4880977378462155,0.09987458233706548,dc77f6cffea0cbe2e41d4201115c8f29a6320ecb04fffd2444f51b8066e4b84f,267ed5e5d43647ff246c549af2da5d1ea738b3040a281e95afa9452c1c480ad8,a9b9439e82e931c43b4c4a061a5820be9e2d6f2f6ff8f9633219edc564931d93,source_data/extended_data_20260905/cub_mask_component_10seed/confirmation/kd_l0p050_e0p16_i0p45_seed9219/summary.json,source_data/extended_data_20260905/cub_mask_component_10seed/confirmation/biocs_kd_l0p050_e0p16_i0p45_seed9219/summary.json,01d3bd5f67bea7f9f636c3bb9a9bf9eb9021566e176d26a738883c5f2f82cc81,864ac7599fe19288f174b05490819acbf39bf1b15a972e22a137363146beef24
9219,effective rank,dimensionless,higher,174.0042266845703,174.0070343017578,0.0028076171875,dc77f6cffea0cbe2e41d4201115c8f29a6320ecb04fffd2444f51b8066e4b84f,267ed5e5d43647ff246c549af2da5d1ea738b3040a281e95afa9452c1c480ad8,a9b9439e82e931c43b4c4a061a5820be9e2d6f2f6ff8f9633219edc564931d93,source_data/extended_data_20260905/cub_mask_component_10seed/confirmation/kd_l0p050_e0p16_i0p45_seed9219/summary.json,source_data/extended_data_20260905/cub_mask_component_10seed/confirmation/biocs_kd_l0p050_e0p16_i0p45_seed9219/summary.json,01d3bd5f67bea7f9f636c3bb9a9bf9eb9021566e176d26a738883c5f2f82cc81,864ac7599fe19288f174b05490819acbf39bf1b15a972e22a137363146beef24
9219,prototype absolute cosine,dimensionless,lower,0.04969183728098869,0.04968510940670967,6.727874279022217e-06,dc77f6cffea0cbe2e41d4201115c8f29a6320ecb04fffd2444f51b8066e4b84f,267ed5e5d43647ff246c549af2da5d1ea738b3040a281e95afa9452c1c480ad8,a9b9439e82e931c43b4c4a061a5820be9e2d6f2f6ff8f9633219edc564931d93,source_data/extended_data_20260905/cub_mask_component_10seed/confirmation/kd_l0p050_e0p16_i0p45_seed9219/summary.json,source_data/extended_data_20260905/cub_mask_component_10seed/confirmation/biocs_kd_l0p050_e0p16_i0p45_seed9219/summary.json,01d3bd5f67bea7f9f636c3bb9a9bf9eb9021566e176d26a738883c5f2f82cc81,864ac7599fe19288f174b05490819acbf39bf1b15a972e22a137363146beef24
